stat_id,week_id,player_id,game_id,season,week,team,opponent,played_at,receiving_targets,receiving_catches,receiving_yards,snaps
2025_1_11628,2025_1,11628,202510122,2025,1,ARI,NO,1757221200000,6,5,71,59
2025_10_11628,2025_10,11628,202511030,2025,10,ARI,SEA,1762668000000,12,3,33,69
2025_13_11628,2025_13,11628,202511333,2025,13,ARI,TB,1764482400000,7,6,69,37
2025_16_11628,2025_16,11628,202511601,2025,16,ARI,ATL,1766296800000,3,1,14,29
2025_17_11628,2025_17,11628,202511707,2025,17,ARI,CIN,1766901600000,1,0,0,19
2025_18_11628,2025_18,11628,202511832,2025,18,ARI,LAR,1767506400000,0,0,0,0
2025_2_11628,2025_2,11628,202510201,2025,2,ARI,CAR,1757826000000,5,2,27,51
2025_3_11628,2025_3,11628,202510331,2025,3,ARI,SF,1758430800000,6,3,44,53
2025_4_11628,2025_4,11628,202510401,2025,4,ARI,SEA,1758776400000,10,6,66,67
2025_5_11628,2025_5,11628,202510501,2025,5,ARI,TEN,1759640400000,5,4,98,52
2025_6_11628,2025_6,11628,202510614,2025,6,ARI,IND,1760245200000,2,2,32,17
2025_7_11628,2025_7,11628,202510701,2025,7,ARI,GB,1760850000000,6,2,58,65
2025_9_11628,2025_9,11628,202510909,2025,9,ARI,DAL,1762149600000,10,7,96,48
2025_1_10232,2025_1,10232,202510122,2025,1,ARI,NO,1757221200000,4,1,5,44
2025_10_10232,2025_10,10232,202511030,2025,10,ARI,SEA,1762668000000,7,4,34,70
2025_11_10232,2025_11,10232,202511101,2025,11,ARI,SF,1763272800000,18,15,185,65
2025_12_10232,2025_12,10232,202511201,2025,12,ARI,JAX,1763877600000,15,10,118,69
2025_13_10232,2025_13,10232,202511333,2025,13,ARI,TB,1764482400000,7,3,36,57
2025_14_10232,2025_14,10232,202511401,2025,14,ARI,LAR,1765087200000,16,11,142,49
2025_15_10232,2025_15,10232,202511513,2025,15,ARI,HOU,1765692000000,11,5,54,56
2025_16_10232,2025_16,10232,202511601,2025,16,ARI,ATL,1766296800000,3,2,52,49
2025_17_10232,2025_17,10232,202511707,2025,17,ARI,CIN,1766901600000,10,5,89,49
2025_18_10232,2025_18,10232,202511832,2025,18,ARI,LAR,1767506400000,8,5,99,0
2025_2_10232,2025_2,10232,202510201,2025,2,ARI,CAR,1757826000000,2,1,11,38
2025_3_10232,2025_3,10232,202510331,2025,3,ARI,SF,1758430800000,2,1,5,49
2025_4_10232,2025_4,10232,202510401,2025,4,ARI,SEA,1758776400000,6,3,15,65
2025_5_10232,2025_5,10232,202510501,2025,5,ARI,TEN,1759640400000,4,2,16,47
2025_6_10232,2025_6,10232,202510614,2025,6,ARI,IND,1760245200000,5,4,44,55
2025_7_10232,2025_7,10232,202510701,2025,7,ARI,GB,1760850000000,4,3,40,62
2025_9_10232,2025_9,10232,202510909,2025,9,ARI,DAL,1762149600000,4,3,61,48
2025_1_8112,2025_1,8112,202510102,2025,1,ATL,TB,1757221200000,15,8,55,67
2025_10_8112,2025_10,8112,202511014,2025,10,ATL,IND,1762668000000,8,6,104,62
2025_11_8112,2025_11,8112,202511102,2025,11,ATL,CAR,1763272800000,9,7,119,61
2025_16_8112,2025_16,8112,202511601,2025,16,ATL,ARI,1766296800000,8,3,27,53
2025_17_8112,2025_17,8112,202511702,2025,17,ATL,LAR,1766988000000,2,1,4,52
2025_18_8112,2025_18,8112,202511802,2025,18,ATL,NO,1767506400000,8,4,78,0
2025_2_8112,2025_2,8112,202510220,2025,2,ATL,MIN,1757826000000,4,3,49,56
2025_3_8112,2025_3,8112,202510305,2025,3,ATL,CAR,1758430800000,8,5,55,57
2025_4_8112,2025_4,8112,202510402,2025,4,ATL,WAS,1759035600000,10,8,110,55
2025_6_8112,2025_6,8112,202510602,2025,6,ATL,BUF,1760331600000,16,10,158,68
2025_7_8112,2025_7,8112,202510731,2025,7,ATL,SF,1760850000000,10,4,42,64
2025_9_8112,2025_9,8112,202510921,2025,9,ATL,NE,1762059600000,14,9,118,55
2025_10_7090,2025_10,7090,202511014,2025,10,ATL,IND,1762668000000,8,1,17,57
2025_11_7090,2025_11,7090,202511102,2025,11,ATL,CAR,1763272800000,7,3,34,61
2025_12_7090,2025_12,7090,202511222,2025,12,ATL,NO,1763877600000,3,3,74,37
2025_13_7090,2025_13,7090,202511324,2025,13,ATL,NYJ,1764482400000,5,2,25,66
2025_14_7090,2025_14,7090,202511402,2025,14,ATL,SEA,1765087200000,4,1,6,49
2025_15_7090,2025_15,7090,202511533,2025,15,ATL,TB,1765432800000,6,3,35,65
2025_16_7090,2025_16,7090,202511601,2025,16,ATL,ARI,1766296800000,2,2,24,54
2025_17_7090,2025_17,7090,202511702,2025,17,ATL,LAR,1766988000000,3,2,35,37
2025_18_7090,2025_18,7090,202511802,2025,18,ATL,NO,1767506400000,7,3,20,0
2025_2_7090,2025_2,7090,202510220,2025,2,ATL,MIN,1757826000000,4,2,20,57
2025_3_7090,2025_3,7090,202510305,2025,3,ATL,CAR,1758430800000,11,4,44,59
2025_4_7090,2025_4,7090,202510402,2025,4,ATL,WAS,1759035600000,1,1,15,29
2025_7_7090,2025_7,7090,202510731,2025,7,ATL,SF,1760850000000,5,3,68,54
2025_8_7090,2025_8,7090,202510802,2025,8,ATL,MIA,1761454800000,4,1,11,45
2025_9_7090,2025_9,7090,202510921,2025,9,ATL,NE,1762059600000,2,1,15,56
2025_1_9997,2025_1,9997,202510104,2025,1,BAL,BUF,1757221200000,9,7,143,46
2025_10_9997,2025_10,9997,202511020,2025,10,BAL,MIN,1762668000000,6,4,75,58
2025_11_9997,2025_11,9997,202511108,2025,11,BAL,CLE,1763272800000,5,3,78,54
2025_12_9997,2025_12,9997,202511203,2025,12,BAL,NYJ,1763877600000,6,5,58,53
2025_13_9997,2025_13,9997,202511303,2025,13,BAL,CIN,1764223200000,7,2,6,57
2025_14_9997,2025_14,9997,202511403,2025,14,BAL,PIT,1765087200000,11,8,124,74
2025_15_9997,2025_15,9997,202511507,2025,15,BAL,CIN,1765692000000,5,3,68,32
2025_16_9997,2025_16,9997,202511603,2025,16,BAL,NE,1766296800000,7,7,84,49
2025_17_9997,2025_17,9997,202511712,2025,17,BAL,GB,1766815200000,5,4,30,52
2025_18_9997,2025_18,9997,202511828,2025,18,BAL,PIT,1767506400000,6,4,138,0
2025_2_9997,2025_2,9997,202510203,2025,2,BAL,CLE,1757826000000,11,7,75,44
2025_3_9997,2025_3,9997,202510303,2025,3,BAL,DET,1758517200000,3,2,13,49
2025_4_9997,2025_4,9997,202510416,2025,4,BAL,KC,1759035600000,8,7,74,48
2025_5_9997,2025_5,9997,202510503,2025,5,BAL,HOU,1759640400000,5,5,72,36
2025_6_9997,2025_6,9997,202510603,2025,6,BAL,LAR,1760245200000,10,6,46,71
2025_8_9997,2025_8,9997,202510803,2025,8,BAL,CHI,1761454800000,9,7,63,59
2025_9_9997,2025_9,9997,202510919,2025,9,BAL,MIA,1761800400000,5,5,64,46
2025_1_7571,2025_1,7571,202510104,2025,1,BAL,BUF,1757221200000,4,2,10,37
2025_10_7571,2025_10,7571,202511020,2025,10,BAL,MIN,1762668000000,2,1,10,43
2025_13_7571,2025_13,7571,202511303,2025,13,BAL,CIN,1764223200000,1,0,0,44
2025_14_7571,2025_14,7571,202511403,2025,14,BAL,PIT,1765087200000,3,2,23,69
2025_16_7571,2025_16,7571,202511603,2025,16,BAL,NE,1766296800000,2,0,0,38
2025_17_7571,2025_17,7571,202511712,2025,17,BAL,GB,1766815200000,1,1,7,40
2025_2_7571,2025_2,7571,202510203,2025,2,BAL,CLE,1757826000000,4,2,15,33
2025_3_7571,2025_3,7571,202510303,2025,3,BAL,DET,1758517200000,7,5,63,34
2025_4_7571,2025_4,7571,202510416,2025,4,BAL,KC,1759035600000,2,1,24,44
2025_5_7571,2025_5,7571,202510503,2025,5,BAL,HOU,1759640400000,3,0,0,35
2025_6_7571,2025_6,7571,202510603,2025,6,BAL,LAR,1760245200000,1,1,8,44
2025_8_7571,2025_8,7571,202510803,2025,8,BAL,CHI,1761454800000,4,2,51,49
2025_9_7571,2025_9,7571,202510919,2025,9,BAL,MIA,1761800400000,4,2,13,40
2025_1_11637,2025_1,11637,202510104,2025,1,BUF,BAL,1757221200000,11,8,112,75
2025_10_11637,2025_10,11637,202511019,2025,10,BUF,MIA,1762668000000,8,3,46,42
2025_13_11637,2025_13,11637,202511328,2025,13,BUF,PIT,1764482400000,3,2,9,33
2025_14_11637,2025_14,11637,202511404,2025,14,BUF,CIN,1765087200000,3,2,16,18
2025_15_11637,2025_15,11637,202511521,2025,15,BUF,NE,1765692000000,0,0,0,39
2025_18_11637,2025_18,11637,202511804,2025,18,BUF,NYJ,1767506400000,4,2,49,0
2025_2_11637,2025_2,11637,202510224,2025,2,BUF,NYJ,1757826000000,3,3,26,38
2025_3_11637,2025_3,11637,202510304,2025,3,BUF,MIA,1758171600000,4,3,20,45
2025_4_11637,2025_4,11637,202510404,2025,4,BUF,NO,1759035600000,4,3,45,43
2025_5_11637,2025_5,11637,202510504,2025,5,BUF,NE,1759640400000,7,4,23,42
2025_6_11637,2025_6,11637,202510602,2025,6,BUF,ATL,1760331600000,6,3,11,49
2025_8_11637,2025_8,11637,202510805,2025,8,BUF,CAR,1761454800000,4,3,30,46
2025_9_11637,2025_9,11637,202510904,2025,9,BUF,KC,1762059600000,2,2,17,45
2025_1_8134,2025_1,8134,202510104,2025,1,BUF,BAL,1757221200000,9,6,64,60
2025_10_8134,2025_10,8134,202511019,2025,10,BUF,MIA,1762668000000,9,7,58,45
2025_11_8134,2025_11,8134,202511104,2025,11,BUF,TB,1763272800000,3,1,-3,30
2025_12_8134,2025_12,8134,202511213,2025,12,BUF,HOU,1763618400000,10,8,110,44
2025_13_8134,2025_13,8134,202511328,2025,13,BUF,PIT,1764482400000,4,1,5,36
2025_14_8134,2025_14,8134,202511404,2025,14,BUF,CIN,1765087200000,3,2,16,32
2025_15_8134,2025_15,8134,202511521,2025,15,BUF,NE,1765692000000,5,5,65,48
2025_16_8134,2025_16,8134,202511608,2025,16,BUF,CLE,1766296800000,5,4,34,24
2025_17_8134,2025_17,8134,202511704,2025,17,BUF,PHI,1766901600000,7,6,35,59
2025_18_8134,2025_18,8134,202511804,2025,18,BUF,NYJ,1767506400000,0,0,0,0
2025_2_8134,2025_2,8134,202510224,2025,2,BUF,NYJ,1757826000000,2,1,12,37
2025_3_8134,2025_3,8134,202510304,2025,3,BUF,MIA,1758171600000,4,4,45,42
2025_4_8134,2025_4,8134,202510404,2025,4,BUF,NO,1759035600000,5,5,69,31
2025_5_8134,2025_5,8134,202510504,2025,5,BUF,NE,1759640400000,9,6,45,43
2025_6_8134,2025_6,8134,202510602,2025,6,BUF,ATL,1760331600000,5,3,33,34
2025_8_8134,2025_8,8134,202510805,2025,8,BUF,CAR,1761454800000,7,6,88,30
2025_9_8134,2025_9,8134,202510904,2025,9,BUF,KC,1762059600000,8,7,43,40
2025_1_12526,2025_1,12526,202510115,2025,1,CAR,JAX,1757221200000,9,5,68,53
2025_10_12526,2025_10,12526,202511005,2025,10,CAR,NO,1762668000000,8,5,60,48
2025_11_12526,2025_11,12526,202511102,2025,11,CAR,ATL,1763272800000,12,8,130,69
2025_12_12526,2025_12,12526,202511231,2025,12,CAR,SF,1763964000000,7,2,35,42
2025_13_12526,2025_13,12526,202511305,2025,13,CAR,LAR,1764482400000,2,1,43,47
2025_15_12526,2025_15,12526,202511522,2025,15,CAR,NO,1765692000000,4,2,25,48
2025_16_12526,2025_16,12526,202511605,2025,16,CAR,TB,1766296800000,10,6,73,47
2025_17_12526,2025_17,12526,202511705,2025,17,CAR,SEA,1766901600000,4,1,5,44
2025_18_12526,2025_18,12526,202511833,2025,18,CAR,TB,1767420000000,6,4,85,45
2025_2_12526,2025_2,12526,202510201,2025,2,CAR,ARI,1757826000000,10,6,100,72
2025_3_12526,2025_3,12526,202510305,2025,3,CAR,ATL,1758430800000,8,3,48,52
2025_4_12526,2025_4,12526,202510421,2025,4,CAR,NE,1759035600000,8,4,62,65
2025_5_12526,2025_5,12526,202510505,2025,5,CAR,MIA,1759640400000,8,6,73,63
2025_6_12526,2025_6,12526,202510605,2025,6,CAR,DAL,1760245200000,5,3,29,62
2025_7_12526,2025_7,12526,202510724,2025,7,CAR,NYJ,1760850000000,5,3,33,62
2025_8_12526,2025_8,12526,202510805,2025,8,CAR,BUF,1761454800000,10,7,99,57
2025_9_12526,2025_9,12526,202510912,2025,9,CAR,GB,1762059600000,6,4,46,49
2025_1_11626,2025_1,11626,202510115,2025,1,CAR,JAX,1757221200000,7,3,10,50
2025_10_11626,2025_10,11626,202511005,2025,10,CAR,NO,1762668000000,1,0,0,37
2025_11_11626,2025_11,11626,202511102,2025,11,CAR,ATL,1763272800000,8,4,83,44
2025_12_11626,2025_12,11626,202511231,2025,12,CAR,SF,1763964000000,5,3,22,31
2025_13_11626,2025_13,11626,202511305,2025,13,CAR,LAR,1764482400000,2,1,1,43
2025_15_11626,2025_15,11626,202511522,2025,15,CAR,NO,1765692000000,3,2,39,42
2025_16_11626,2025_16,11626,202511605,2025,16,CAR,TB,1766296800000,3,1,12,35
2025_17_11626,2025_17,11626,202511705,2025,17,CAR,SEA,1766901600000,1,1,3,29
2025_18_11626,2025_18,11626,202511833,2025,18,CAR,TB,1767420000000,4,3,22,16
2025_2_11626,2025_2,11626,202510201,2025,2,CAR,ARI,1757826000000,8,1,-2,68
2025_5_11626,2025_5,11626,202510505,2025,5,CAR,MIA,1759640400000,3,2,31,55
2025_6_11626,2025_6,11626,202510605,2025,6,CAR,DAL,1760245200000,2,2,11,49
2025_7_11626,2025_7,11626,202510724,2025,7,CAR,NYJ,1760850000000,11,9,92,57
2025_8_11626,2025_8,11626,202510805,2025,8,CAR,BUF,1761454800000,3,2,17,54
2025_9_11626,2025_9,11626,202510912,2025,9,CAR,GB,1762059600000,3,1,22,32
2025_1_4983,2025_1,4983,202510106,2025,1,CHI,MIN,1757307600000,5,3,68,56
2025_10_4983,2025_10,4983,202511006,2025,10,CHI,NYG,1762668000000,4,0,0,42
2025_11_4983,2025_11,4983,202511120,2025,11,CHI,MIN,1763272800000,3,1,18,61
2025_12_4983,2025_12,4983,202511206,2025,12,CHI,PIT,1763877600000,7,5,64,50
2025_13_4983,2025_13,4983,202511326,2025,13,CHI,PHI,1764309600000,5,2,17,79
2025_14_4983,2025_14,4983,202511412,2025,14,CHI,GB,1765087200000,3,1,-4,58
2025_15_4983,2025_15,4983,202511506,2025,15,CHI,CLE,1765692000000,5,4,69,58
2025_16_4983,2025_16,4983,202511606,2025,16,CHI,GB,1766210400000,7,5,97,61
2025_17_4983,2025_17,4983,202511731,2025,17,CHI,SF,1766901600000,4,1,7,61
2025_18_4983,2025_18,4983,202511806,2025,18,CHI,DET,1767506400000,3,1,11,0
2025_2_4983,2025_2,4983,202510211,2025,2,CHI,DET,1757826000000,6,5,46,60
2025_3_4983,2025_3,4983,202510306,2025,3,CHI,DAL,1758430800000,5,4,21,53
2025_4_4983,2025_4,4983,202510425,2025,4,CHI,LV,1759035600000,5,4,38,52
2025_6_4983,2025_6,4983,202510635,2025,6,CHI,WAS,1760331600000,5,3,42,60
2025_7_4983,2025_7,4983,202510706,2025,7,CHI,NO,1760850000000,5,3,43,60
2025_8_4983,2025_8,4983,202510803,2025,8,CHI,BAL,1761454800000,7,4,73,53
2025_9_4983,2025_9,4983,202510907,2025,9,CHI,CIN,1762059600000,6,4,72,68
2025_1_11620,2025_1,11620,202510106,2025,1,CHI,MIN,1757307600000,9,6,37,63
2025_10_11620,2025_10,11620,202511006,2025,10,CHI,NYG,1762668000000,10,6,86,53
2025_11_11620,2025_11,11620,202511120,2025,11,CHI,MIN,1763272800000,6,2,41,57
2025_12_11620,2025_12,11620,202511206,2025,12,CHI,PIT,1763877600000,9,3,53,51
2025_13_11620,2025_13,11620,202511326,2025,13,CHI,PHI,1764309600000,6,2,8,70
2025_15_11620,2025_15,11620,202511506,2025,15,CHI,CLE,1765692000000,0,0,0,0
2025_2_11620,2025_2,11620,202510211,2025,2,CHI,DET,1757826000000,11,7,128,68
2025_3_11620,2025_3,11620,202510306,2025,3,CHI,DAL,1758430800000,7,3,62,53
2025_4_11620,2025_4,11620,202510425,2025,4,CHI,LV,1759035600000,8,4,69,52
2025_6_11620,2025_6,11620,202510635,2025,6,CHI,WAS,1760331600000,5,2,32,62
2025_7_11620,2025_7,11620,202510706,2025,7,CHI,NO,1760850000000,6,2,31,65
2025_8_11620,2025_8,11620,202510803,2025,8,CHI,BAL,1761454800000,10,7,114,59
2025_9_11620,2025_9,11620,202510907,2025,9,CHI,CIN,1762059600000,3,0,0,80
2025_1_7564,2025_1,7564,202510108,2025,1,CIN,CLE,1757221200000,5,2,26,45
2025_11_7564,2025_11,7564,202511128,2025,11,CIN,PIT,1763272800000,10,3,30,64
2025_12_7564,2025_12,7564,202511207,2025,12,CIN,NE,1763877600000,0,0,0,0
2025_13_7564,2025_13,7564,202511303,2025,13,CIN,BAL,1764223200000,14,7,110,82
2025_14_7564,2025_14,7564,202511404,2025,14,CIN,BUF,1765087200000,8,5,44,60
2025_15_7564,2025_15,7564,202511507,2025,15,CIN,BAL,1765692000000,16,10,132,74
2025_16_7564,2025_16,7564,202511619,2025,16,CIN,MIA,1766296800000,11,9,109,53
2025_17_7564,2025_17,7564,202511707,2025,17,CIN,ARI,1766901600000,9,7,60,59
2025_18_7564,2025_18,7564,202511807,2025,18,CIN,CLE,1767506400000,10,8,96,0
2025_2_7564,2025_2,7564,202510207,2025,2,CIN,JAX,1757826000000,16,14,165,66
2025_3_7564,2025_3,7564,202510320,2025,3,CIN,MIN,1758430800000,6,5,50,48
2025_4_7564,2025_4,7564,202510410,2025,4,CIN,DEN,1759122000000,8,5,23,46
2025_5_7564,2025_5,7564,202510507,2025,5,CIN,DET,1759640400000,10,6,110,57
2025_6_7564,2025_6,7564,202510612,2025,6,CIN,GB,1760245200000,12,10,94,65
2025_7_7564,2025_7,7564,202510707,2025,7,CIN,PIT,1760590800000,23,16,161,75
2025_8_7564,2025_8,7564,202510807,2025,8,CIN,NYJ,1761454800000,19,12,91,58
2025_9_7564,2025_9,7564,202510907,2025,9,CIN,CHI,1762059600000,8,6,111,67
2025_1_6801,2025_1,6801,202510108,2025,1,CIN,CLE,1757221200000,4,3,33,41
2025_11_6801,2025_11,6801,202511128,2025,11,CIN,PIT,1763272800000,8,3,63,61
2025_12_6801,2025_12,6801,202511207,2025,12,CIN,NE,1763877600000,6,5,31,50
2025_14_6801,2025_14,6801,202511404,2025,14,CIN,BUF,1765087200000,11,6,92,44
2025_16_6801,2025_16,6801,202511619,2025,16,CIN,MIA,1766296800000,3,3,53,38
2025_17_6801,2025_17,6801,202511707,2025,17,CIN,ARI,1766901600000,5,4,59,44
2025_18_6801,2025_18,6801,202511807,2025,18,CIN,CLE,1767506400000,9,6,67,0
2025_2_6801,2025_2,6801,202510207,2025,2,CIN,JAX,1757826000000,8,3,56,60
2025_3_6801,2025_3,6801,202510320,2025,3,CIN,MIN,1758430800000,2,1,15,46
2025_4_6801,2025_4,6801,202510410,2025,4,CIN,DEN,1759122000000,6,3,32,40
2025_5_6801,2025_5,6801,202510507,2025,5,CIN,DET,1759640400000,7,3,22,60
2025_6_6801,2025_6,6801,202510612,2025,6,CIN,GB,1760245200000,8,5,62,52
2025_7_6801,2025_7,6801,202510707,2025,7,CIN,PIT,1760590800000,10,6,96,66
2025_8_6801,2025_8,6801,202510807,2025,8,CIN,NYJ,1761454800000,2,1,44,52
2025_9_6801,2025_9,6801,202510907,2025,9,CIN,CHI,1762059600000,9,7,121,56
2025_1_6783,2025_1,6783,202510108,2025,1,CLE,CIN,1757221200000,8,5,66,67
2025_10_6783,2025_10,6783,202511024,2025,10,CLE,NYJ,1762668000000,12,6,78,70
2025_11_6783,2025_11,6783,202511108,2025,11,CLE,BAL,1763272800000,7,3,21,45
2025_12_6783,2025_12,6783,202511225,2025,12,CLE,LV,1763877600000,3,1,39,33
2025_13_6783,2025_13,6783,202511308,2025,13,CLE,SF,1764482400000,4,3,26,53
2025_14_6783,2025_14,6783,202511408,2025,14,CLE,TEN,1765087200000,5,3,76,61
2025_15_6783,2025_15,6783,202511506,2025,15,CLE,CHI,1765692000000,4,2,22,55
2025_16_6783,2025_16,6783,202511608,2025,16,CLE,BUF,1766296800000,4,3,12,48
2025_17_6783,2025_17,6783,202511708,2025,17,CLE,PIT,1766901600000,7,5,54,49
2025_18_6783,2025_18,6783,202511807,2025,18,CLE,CIN,1767506400000,6,2,17,0
2025_2_6783,2025_2,6783,202510203,2025,2,CLE,BAL,1757826000000,8,4,51,64
2025_3_6783,2025_3,6783,202510308,2025,3,CLE,GB,1758430800000,5,1,17,55
2025_4_6783,2025_4,6783,202510411,2025,4,CLE,DET,1759035600000,9,3,48,55
2025_5_6783,2025_5,6783,202510508,2025,5,CLE,MIN,1759640400000,5,2,15,63
2025_6_6783,2025_6,6783,202510628,2025,6,CLE,PIT,1760245200000,13,5,43,73
2025_7_6783,2025_7,6783,202510708,2025,7,CLE,MIA,1760850000000,4,2,17,39
2025_8_6783,2025_8,6783,202510821,2025,8,CLE,NE,1761454800000,2,0,0,45
2025_1_10444,2025_1,10444,202510108,2025,1,CLE,CIN,1757221200000,8,5,52,67
2025_10_10444,2025_10,10444,202511024,2025,10,CLE,NYJ,1762668000000,4,2,11,53
2025_11_10444,2025_11,10444,202511108,2025,11,CLE,BAL,1763272800000,4,3,52,43
2025_12_10444,2025_12,10444,202511225,2025,12,CLE,LV,1763877600000,3,1,5,27
2025_13_10444,2025_13,10444,202511308,2025,13,CLE,SF,1764482400000,1,0,0,40
2025_14_10444,2025_14,10444,202511408,2025,14,CLE,TEN,1765087200000,3,1,23,44
2025_15_10444,2025_15,10444,202511506,2025,15,CLE,CHI,1765692000000,0,0,0,7
2025_16_10444,2025_16,10444,202511608,2025,16,CLE,BUF,1766296800000,1,1,8,31
2025_17_10444,2025_17,10444,202511708,2025,17,CLE,PIT,1766901600000,1,1,42,30
2025_18_10444,2025_18,10444,202511807,2025,18,CLE,CIN,1767506400000,2,1,23,0
2025_2_10444,2025_2,10444,202510203,2025,2,CLE,BAL,1757826000000,7,2,22,69
2025_3_10444,2025_3,10444,202510308,2025,3,CLE,GB,1758430800000,3,3,26,49
2025_4_10444,2025_4,10444,202510411,2025,4,CLE,DET,1759035600000,2,1,6,15
2025_5_10444,2025_5,10444,202510508,2025,5,CLE,MIN,1759640400000,0,0,0,0
2025_6_10444,2025_6,10444,202510628,2025,6,CLE,PIT,1760245200000,0,0,0,0
2025_7_10444,2025_7,10444,202510708,2025,7,CLE,MIA,1760850000000,0,0,0,0
2025_8_10444,2025_8,10444,202510821,2025,8,CLE,NE,1761454800000,0,0,0,0
2025_1_6786,2025_1,6786,202510126,2025,1,DAL,PHI,1756962000000,13,7,110,56
2025_11_6786,2025_11,6786,202511125,2025,11,DAL,LV,1763359200000,7,5,66,49
2025_12_6786,2025_12,6786,202511209,2025,12,DAL,PHI,1763877600000,11,4,75,63
2025_13_6786,2025_13,6786,202511309,2025,13,DAL,KC,1764223200000,9,7,112,58
2025_14_6786,2025_14,6786,202511411,2025,14,DAL,DET,1764828000000,8,6,121,38
2025_15_6786,2025_15,6786,202511509,2025,15,DAL,MIN,1765692000000,10,6,111,60
2025_16_6786,2025_16,6786,202511609,2025,16,DAL,LAC,1766296800000,7,6,51,50
2025_17_6786,2025_17,6786,202511735,2025,17,DAL,WAS,1766642400000,10,5,46,80
2025_18_6786,2025_18,6786,202511823,2025,18,DAL,NYG,1767506400000,1,1,4,0
2025_2_6786,2025_2,6786,202510209,2025,2,DAL,NYG,1757826000000,11,9,112,82
2025_3_6786,2025_3,6786,202510306,2025,3,DAL,CHI,1758430800000,0,0,0,7
2025_7_6786,2025_7,6786,202510709,2025,7,DAL,WAS,1760850000000,8,5,110,52
2025_8_6786,2025_8,6786,202510810,2025,8,DAL,DEN,1761454800000,10,7,74,53
2025_9_6786,2025_9,6786,202510909,2025,9,DAL,ARI,1762149600000,12,7,85,59
2025_1_8137,2025_1,8137,202510126,2025,1,DAL,PHI,1756962000000,4,3,30,56
2025_11_8137,2025_11,8137,202511125,2025,11,DAL,LV,1763359200000,11,9,144,45
2025_12_8137,2025_12,8137,202511209,2025,12,DAL,PHI,1763877600000,9,9,146,58
2025_13_8137,2025_13,8137,202511309,2025,13,DAL,KC,1764223200000,13,6,88,53
2025_14_8137,2025_14,8137,202511411,2025,14,DAL,DET,1764828000000,9,5,37,69
2025_15_8137,2025_15,8137,202511509,2025,15,DAL,MIN,1765692000000,6,3,33,60
2025_16_8137,2025_16,8137,202511609,2025,16,DAL,LAC,1766296800000,9,7,130,51
2025_17_8137,2025_17,8137,202511735,2025,17,DAL,WAS,1766642400000,5,4,78,80
2025_18_8137,2025_18,8137,202511823,2025,18,DAL,NYG,1767506400000,3,1,9,0
2025_2_8137,2025_2,8137,202510209,2025,2,DAL,NYG,1757826000000,9,5,68,79
2025_3_8137,2025_3,8137,202510306,2025,3,DAL,CHI,1758430800000,9,5,68,61
2025_4_8137,2025_4,8137,202510409,2025,4,DAL,GB,1759035600000,11,8,134,62
2025_5_8137,2025_5,8137,202510524,2025,5,DAL,NYJ,1759640400000,4,2,57,47
2025_6_8137,2025_6,8137,202510605,2025,6,DAL,CAR,1760245200000,11,9,168,46
2025_7_8137,2025_7,8137,202510709,2025,7,DAL,WAS,1760850000000,6,4,82,56
2025_8_8137,2025_8,8137,202510810,2025,8,DAL,DEN,1761454800000,9,7,78,59
2025_9_8137,2025_9,8137,202510909,2025,9,DAL,ARI,1762149600000,9,6,79,61
2025_1_5045,2025_1,5045,202510110,2025,1,DEN,TEN,1757221200000,9,6,61,72
2025_10_5045,2025_10,5045,202511010,2025,10,DEN,LV,1762408800000,4,3,24,53
2025_11_5045,2025_11,5045,202511110,2025,11,DEN,KC,1763272800000,8,4,59,57
2025_13_5045,2025_13,5045,202511335,2025,13,DEN,WAS,1764482400000,6,5,62,57
2025_14_5045,2025_14,5045,202511425,2025,14,DEN,LV,1765087200000,10,6,62,48
2025_15_5045,2025_15,5045,202511510,2025,15,DEN,GB,1765692000000,10,7,113,60
2025_16_5045,2025_16,5045,202511610,2025,16,DEN,JAX,1766296800000,12,6,86,62
2025_17_5045,2025_17,5045,202511716,2025,17,DEN,KC,1766642400000,10,4,40,59
2025_18_5045,2025_18,5045,202511810,2025,18,DEN,LAC,1767506400000,2,1,5,0
2025_2_5045,2025_2,5045,202510214,2025,2,DEN,IND,1757826000000,4,1,6,45
2025_3_5045,2025_3,5045,202510329,2025,3,DEN,LAC,1758430800000,8,6,118,42
2025_4_5045,2025_4,5045,202510410,2025,4,DEN,CIN,1759122000000,6,5,81,69
2025_5_5045,2025_5,5045,202510526,2025,5,DEN,PHI,1759640400000,10,8,99,70
2025_6_5045,2025_6,5045,202510624,2025,6,DEN,NYJ,1760245200000,3,1,17,48
2025_7_5045,2025_7,5045,202510710,2025,7,DEN,NYG,1760850000000,10,6,87,76
2025_8_5045,2025_8,5045,202510810,2025,8,DEN,DAL,1761454800000,6,4,67,53
2025_9_5045,2025_9,5045,202510913,2025,9,DEN,HOU,1762059600000,6,1,30,58
2025_1_9494,2025_1,9494,202510110,2025,1,DEN,TEN,1757221200000,4,3,12,40
2025_11_9494,2025_11,9494,202511110,2025,11,DEN,KC,1763272800000,0,0,0,15
2025_13_9494,2025_13,9494,202511335,2025,13,DEN,WAS,1764482400000,2,2,8,23
2025_14_9494,2025_14,9494,202511425,2025,14,DEN,LV,1765087200000,1,1,5,20
2025_15_9494,2025_15,9494,202511510,2025,15,DEN,GB,1765692000000,6,4,29,21
2025_16_9494,2025_16,9494,202511610,2025,16,DEN,JAX,1766296800000,3,3,26,21
2025_17_9494,2025_17,9494,202511716,2025,17,DEN,KC,1766642400000,4,3,10,34
2025_18_9494,2025_18,9494,202511810,2025,18,DEN,LAC,1767506400000,3,2,10,0
2025_2_9494,2025_2,9494,202510214,2025,2,DEN,IND,1757826000000,2,2,24,21
2025_3_9494,2025_3,9494,202510329,2025,3,DEN,LAC,1758430800000,4,1,4,23
2025_4_9494,2025_4,9494,202510410,2025,4,DEN,CIN,1759122000000,6,6,69,32
2025_5_9494,2025_5,9494,202510526,2025,5,DEN,PHI,1759640400000,5,2,10,27
2025_6_9494,2025_6,9494,202510624,2025,6,DEN,NYJ,1760245200000,3,2,30,21
2025_7_9494,2025_7,9494,202510710,2025,7,DEN,NYG,1760850000000,7,6,85,43
2025_8_9494,2025_8,9494,202510810,2025,8,DEN,DAL,1761454800000,1,0,0,19
2025_9_9494,2025_9,9494,202510913,2025,9,DEN,HOU,1762059600000,0,0,0,0
2025_1_7547,2025_1,7547,202510112,2025,1,DET,GB,1757221200000,6,4,45,63
2025_10_7547,2025_10,7547,202511035,2025,10,DET,WAS,1762668000000,8,5,58,54
2025_11_7547,2025_11,7547,202511126,2025,11,DET,PHI,1763272800000,12,2,42,57
2025_12_7547,2025_12,7547,202511211,2025,12,DET,NYG,1763877600000,13,9,149,66
2025_13_7547,2025_13,7547,202511311,2025,13,DET,GB,1764223200000,1,0,0,4
2025_14_7547,2025_14,7547,202511411,2025,14,DET,DAL,1764828000000,9,6,92,57
2025_15_7547,2025_15,7547,202511532,2025,15,DET,LAR,1765692000000,18,13,164,61
2025_16_7547,2025_16,7547,202511611,2025,16,DET,PIT,1766296800000,9,4,54,72
2025_17_7547,2025_17,7547,202511720,2025,17,DET,MIN,1766642400000,13,8,68,53
2025_18_7547,2025_18,7547,202511806,2025,18,DET,CHI,1767506400000,15,11,139,0
2025_2_7547,2025_2,7547,202510211,2025,2,DET,CHI,1757826000000,11,9,115,50
2025_3_7547,2025_3,7547,202510303,2025,3,DET,BAL,1758517200000,8,7,77,58
2025_4_7547,2025_4,7547,202510411,2025,4,DET,CLE,1759035600000,7,7,70,54
2025_5_7547,2025_5,7547,202510507,2025,5,DET,CIN,1759640400000,9,8,100,50
2025_6_7547,2025_6,7547,202510616,2025,6,DET,KC,1760245200000,10,9,45,48
2025_7_7547,2025_7,7547,202510711,2025,7,DET,TB,1760936400000,10,6,86,62
2025_9_7547,2025_9,7547,202510911,2025,9,DET,MIN,1762059600000,13,9,97,61
2025_1_8148,2025_1,8148,202510112,2025,1,DET,GB,1757221200000,5,4,23,65
2025_10_8148,2025_10,8148,202511035,2025,10,DET,WAS,1762668000000,7,6,119,61
2025_11_8148,2025_11,8148,202511126,2025,11,DET,PHI,1763272800000,7,4,88,56
2025_12_8148,2025_12,8148,202511211,2025,12,DET,NYG,1763877600000,3,0,0,66
2025_13_8148,2025_13,8148,202511311,2025,13,DET,GB,1764223200000,10,7,144,59
2025_14_8148,2025_14,8148,202511411,2025,14,DET,DAL,1764828000000,9,7,96,57
2025_15_8148,2025_15,8148,202511532,2025,15,DET,LAR,1765692000000,10,7,134,58
2025_16_8148,2025_16,8148,202511611,2025,16,DET,PIT,1766296800000,9,5,70,70
2025_17_8148,2025_17,8148,202511720,2025,17,DET,MIN,1766642400000,3,2,37,53
2025_18_8148,2025_18,8148,202511806,2025,18,DET,CHI,1767506400000,8,6,74,0
2025_2_8148,2025_2,8148,202510211,2025,2,DET,CHI,1757826000000,4,2,108,52
2025_3_8148,2025_3,8148,202510303,2025,3,DET,BAL,1758517200000,3,2,43,62
2025_4_8148,2025_4,8148,202510411,2025,4,DET,CLE,1759035600000,8,2,40,51
2025_5_8148,2025_5,8148,202510507,2025,5,DET,CIN,1759640400000,1,1,9,51
2025_6_8148,2025_6,8148,202510616,2025,6,DET,KC,1760245200000,7,6,66,46
2025_7_8148,2025_7,8148,202510711,2025,7,DET,TB,1760936400000,2,0,0,58
2025_9_8148,2025_9,8148,202510911,2025,9,DET,MIN,1762059600000,6,4,66,58
2025_1_12501,2025_1,12501,202510112,2025,1,GB,DET,1757221200000,2,2,16,23
2025_11_12501,2025_11,12501,202511123,2025,11,GB,NYG,1763272800000,3,1,24,19
2025_14_12501,2025_14,12501,202511412,2025,14,GB,CHI,1765087200000,1,0,0,5
2025_15_12501,2025_15,12501,202511510,2025,15,GB,DEN,1765692000000,4,3,55,23
2025_16_12501,2025_16,12501,202511606,2025,16,GB,CHI,1766210400000,1,0,0,22
2025_17_12501,2025_17,12501,202511712,2025,17,GB,BAL,1766815200000,3,1,12,25
2025_18_12501,2025_18,12501,202511820,2025,18,GB,MIN,1767506400000,3,1,8,0
2025_2_12501,2025_2,12501,202510212,2025,2,GB,WAS,1757566800000,2,0,0,40
2025_3_12501,2025_3,12501,202510308,2025,3,GB,CLE,1758430800000,4,4,52,46
2025_4_12501,2025_4,12501,202510409,2025,4,GB,DAL,1759035600000,6,5,58,49
2025_6_12501,2025_6,12501,202510612,2025,6,GB,CIN,1760245200000,5,3,86,42
2025_7_12501,2025_7,12501,202510701,2025,7,GB,ARI,1760850000000,4,4,37,41
2025_8_12501,2025_8,12501,202510828,2025,8,GB,PIT,1761454800000,3,3,4,42
2025_9_12501,2025_9,12501,202510912,2025,9,GB,CAR,1762059600000,3,2,9,24
2025_1_10222,2025_1,10222,202510112,2025,1,GB,DET,1757221200000,5,3,45,18
2025_10_10222,2025_10,10222,202511012,2025,10,GB,PHI,1762754400000,0,0,0,0
2025_11_10222,2025_11,10222,202511123,2025,11,GB,NYG,1763272800000,0,0,0,0
2025_12_10222,2025_12,10222,202511212,2025,12,GB,MIN,1763877600000,0,0,0,0
2025_13_10222,2025_13,10222,202511311,2025,13,GB,DET,1764223200000,0,0,0,0
2025_14_10222,2025_14,10222,202511412,2025,14,GB,CHI,1765087200000,4,4,31,25
2025_15_10222,2025_15,10222,202511510,2025,15,GB,DEN,1765692000000,6,5,55,43
2025_16_10222,2025_16,10222,202511606,2025,16,GB,CHI,1766210400000,3,3,35,46
2025_17_10222,2025_17,10222,202511712,2025,17,GB,BAL,1766815200000,4,4,41,24
2025_18_10222,2025_18,10222,202511820,2025,18,GB,MIN,1767506400000,0,0,0,0
2025_2_10222,2025_2,10222,202510212,2025,2,GB,WAS,1757566800000,0,0,0,5
2025_3_10222,2025_3,10222,202510308,2025,3,GB,CLE,1758430800000,0,0,0,0
2025_4_10222,2025_4,10222,202510409,2025,4,GB,DAL,1759035600000,0,0,0,0
2025_6_10222,2025_6,10222,202510612,2025,6,GB,CIN,1760245200000,0,0,0,0
2025_7_10222,2025_7,10222,202510701,2025,7,GB,ARI,1760850000000,0,0,0,0
2025_8_10222,2025_8,10222,202510828,2025,8,GB,PIT,1761454800000,0,0,0,0
2025_9_10222,2025_9,10222,202510912,2025,9,GB,CAR,1762059600000,0,0,0,0
2025_1_7569,2025_1,7569,202510132,2025,1,HOU,LAR,1757221200000,5,3,25,53
2025_10_7569,2025_10,7569,202511013,2025,10,HOU,JAX,1762668000000,15,7,136,67
2025_11_7569,2025_11,7569,202511134,2025,11,HOU,TEN,1763272800000,10,9,92,59
2025_12_7569,2025_12,7569,202511213,2025,12,HOU,BUF,1763618400000,3,3,55,44
2025_13_7569,2025_13,7569,202511314,2025,13,HOU,IND,1764482400000,10,5,98,57
2025_14_7569,2025_14,7569,202511416,2025,14,HOU,KC,1765087200000,8,4,121,57
2025_15_7569,2025_15,7569,202511513,2025,15,HOU,ARI,1765692000000,4,3,85,49
2025_16_7569,2025_16,7569,202511613,2025,16,HOU,LV,1766296800000,9,4,59,52
2025_17_7569,2025_17,7569,202511729,2025,17,HOU,LAC,1766815200000,4,3,57,44
2025_2_7569,2025_2,7569,202510213,2025,2,HOU,TB,1757912400000,9,3,52,44
2025_3_7569,2025_3,7569,202510315,2025,3,HOU,JAX,1758430800000,11,8,104,54
2025_4_7569,2025_4,7569,202510413,2025,4,HOU,TEN,1759035600000,6,4,79,61
2025_5_7569,2025_5,7569,202510503,2025,5,HOU,BAL,1759640400000,5,4,52,40
2025_7_7569,2025_7,7569,202510730,2025,7,HOU,SEA,1760936400000,10,4,27,39
2025_9_7569,2025_9,7569,202510913,2025,9,HOU,DEN,1762059600000,11,7,75,58
2025_10_4950,2025_10,4950,202511013,2025,10,HOU,JAX,1762668000000,3,1,3,32
2025_11_4950,2025_11,4950,202511134,2025,11,HOU,TEN,1763272800000,4,1,6,36
2025_12_4950,2025_12,4950,202511213,2025,12,HOU,BUF,1763618400000,6,5,54,19
2025_13_4950,2025_13,4950,202511314,2025,13,HOU,IND,1764482400000,0,0,0,37
2025_14_4950,2025_14,4950,202511416,2025,14,HOU,KC,1765087200000,3,1,6,25
2025_15_4950,2025_15,4950,202511513,2025,15,HOU,ARI,1765692000000,0,0,0,16
2025_16_4950,2025_16,4950,202511613,2025,16,HOU,LV,1766296800000,5,3,37,40
2025_17_4950,2025_17,4950,202511729,2025,17,HOU,LAC,1766815200000,5,2,1,29
2025_18_4950,2025_18,4950,202511813,2025,18,HOU,IND,1767506400000,2,1,-3,0
2025_3_4950,2025_3,4950,202510315,2025,3,HOU,JAX,1758430800000,8,3,25,42
2025_4_4950,2025_4,4950,202510413,2025,4,HOU,TEN,1759035600000,4,3,20,43
2025_5_4950,2025_5,4950,202510503,2025,5,HOU,BAL,1759640400000,4,4,64,34
2025_9_4950,2025_9,4950,202510913,2025,9,HOU,DEN,1762059600000,8,4,26,41
2025_1_9500,2025_1,9500,202510114,2025,1,IND,MIA,1757221200000,3,2,12,36
2025_10_9500,2025_10,9500,202511014,2025,10,IND,ATL,1762668000000,2,1,3,36
2025_12_9500,2025_12,9500,202511216,2025,12,IND,KC,1763877600000,6,2,10,22
2025_13_9500,2025_13,9500,202511314,2025,13,IND,HOU,1764482400000,6,2,44,31
2025_14_9500,2025_14,9500,202511415,2025,14,IND,JAX,1765087200000,5,4,23,46
2025_15_9500,2025_15,9500,202511530,2025,15,IND,SEA,1765692000000,5,3,13,43
2025_16_9500,2025_16,9500,202511614,2025,16,IND,SF,1766383200000,9,5,65,47
2025_17_9500,2025_17,9500,202511714,2025,17,IND,JAX,1766901600000,5,2,34,35
2025_18_9500,2025_18,9500,202511813,2025,18,IND,HOU,1767506400000,4,4,61,0
2025_2_9500,2025_2,9500,202510214,2025,2,IND,DEN,1757826000000,8,6,51,41
2025_3_9500,2025_3,9500,202510334,2025,3,IND,TEN,1758430800000,3,2,34,29
2025_4_9500,2025_4,9500,202510432,2025,4,IND,LAR,1759035600000,5,4,24,38
2025_5_9500,2025_5,9500,202510514,2025,5,IND,LV,1759640400000,8,6,54,33
2025_6_9500,2025_6,9500,202510614,2025,6,IND,ARI,1760245200000,7,6,42,30
2025_8_9500,2025_8,9500,202510814,2025,8,IND,TEN,1761454800000,3,3,39,34
2025_9_9500,2025_9,9500,202510928,2025,9,IND,PIT,1762059600000,9,6,57,52
2025_1_6819,2025_1,6819,202510114,2025,1,IND,MIA,1757221200000,8,6,80,60
2025_10_6819,2025_10,6819,202511014,2025,10,IND,ATL,1762668000000,2,2,19,62
2025_12_6819,2025_12,6819,202511216,2025,12,IND,KC,1763877600000,8,5,27,42
2025_13_6819,2025_13,6819,202511314,2025,13,IND,HOU,1764482400000,4,1,13,45
2025_14_6819,2025_14,6819,202511415,2025,14,IND,JAX,1765087200000,12,9,79,61
2025_15_6819,2025_15,6819,202511530,2025,15,IND,SEA,1765692000000,5,3,26,56
2025_16_6819,2025_16,6819,202511614,2025,16,IND,SF,1766383200000,5,4,32,56
2025_17_6819,2025_17,6819,202511714,2025,17,IND,JAX,1766901600000,3,2,16,49
2025_18_6819,2025_18,6819,202511813,2025,18,IND,HOU,1767506400000,4,2,11,0
2025_2_6819,2025_2,6819,202510214,2025,2,IND,DEN,1757826000000,5,4,40,59
2025_3_6819,2025_3,6819,202510334,2025,3,IND,TEN,1758430800000,6,6,73,46
2025_4_6819,2025_4,6819,202510432,2025,4,IND,LAR,1759035600000,10,5,41,57
2025_5_6819,2025_5,6819,202510514,2025,5,IND,LV,1759640400000,6,5,39,54
2025_6_6819,2025_6,6819,202510614,2025,6,IND,ARI,1760245200000,3,2,20,50
2025_7_6819,2025_7,6819,202510729,2025,7,IND,LAC,1760850000000,9,7,58,52
2025_8_6819,2025_8,6819,202510814,2025,8,IND,TEN,1761454800000,9,8,95,42
2025_9_6819,2025_9,6819,202510928,2025,9,IND,PIT,1762059600000,12,9,115,69
2025_1_11631,2025_1,11631,202510115,2025,1,JAX,CAR,1757221200000,7,1,11,57
2025_13_11631,2025_13,11631,202511334,2025,13,JAX,TEN,1764482400000,3,2,28,47
2025_14_11631,2025_14,11631,202511415,2025,14,JAX,IND,1765087200000,6,3,87,53
2025_15_11631,2025_15,11631,202511515,2025,15,JAX,NYJ,1765692000000,7,4,66,48
2025_16_11631,2025_16,11631,202511610,2025,16,JAX,DEN,1766296800000,3,2,18,51
2025_17_11631,2025_17,11631,202511714,2025,17,JAX,IND,1766901600000,7,4,39,54
2025_18_11631,2025_18,11631,202511815,2025,18,JAX,TEN,1767506400000,5,3,49,0
2025_2_11631,2025_2,11631,202510207,2025,2,JAX,CIN,1757826000000,12,4,49,67
2025_3_11631,2025_3,11631,202510315,2025,3,JAX,HOU,1758430800000,6,2,55,57
2025_4_11631,2025_4,11631,202510431,2025,4,JAX,SF,1759035600000,7,5,49,54
2025_5_11631,2025_5,11631,202510515,2025,5,JAX,KC,1759726800000,6,4,80,54
2025_6_11631,2025_6,11631,202510615,2025,6,JAX,SEA,1760245200000,10,8,90,61
2025_7_11631,2025_7,11631,202510715,2025,7,JAX,LAR,1760850000000,7,3,31,51
2025_9_11631,2025_9,11631,202510925,2025,9,JAX,LV,1762059600000,5,3,55,52
2025_1_12530,2025_1,12530,202510115,2025,1,JAX,CAR,1757221200000,8,6,33,42
2025_10_12530,2025_10,12530,202511013,2025,10,JAX,HOU,1762668000000,0,0,0,0
2025_11_12530,2025_11,12530,202511115,2025,11,JAX,LAC,1763272800000,0,0,0,0
2025_12_12530,2025_12,12530,202511201,2025,12,JAX,ARI,1763877600000,0,0,0,0
2025_13_12530,2025_13,12530,202511334,2025,13,JAX,TEN,1764482400000,0,0,0,0
2025_14_12530,2025_14,12530,202511415,2025,14,JAX,IND,1765087200000,0,0,0,0
2025_15_12530,2025_15,12530,202511515,2025,15,JAX,NYJ,1765692000000,0,0,0,0
2025_16_12530,2025_16,12530,202511610,2025,16,JAX,DEN,1766296800000,0,0,0,0
2025_17_12530,2025_17,12530,202511714,2025,17,JAX,IND,1766901600000,0,0,0,0
2025_18_12530,2025_18,12530,202511815,2025,18,JAX,TEN,1767506400000,0,0,0,0
2025_2_12530,2025_2,12530,202510207,2025,2,JAX,CIN,1757826000000,6,3,22,42
2025_3_12530,2025_3,12530,202510315,2025,3,JAX,HOU,1758430800000,2,1,21,37
2025_4_12530,2025_4,12530,202510431,2025,4,JAX,SF,1759035600000,5,3,42,38
2025_5_12530,2025_5,12530,202510515,2025,5,JAX,KC,1759726800000,3,3,64,39
2025_6_12530,2025_6,12530,202510615,2025,6,JAX,SEA,1760245200000,7,4,15,59
2025_7_12530,2025_7,12530,202510715,2025,7,JAX,LAR,1760850000000,14,8,101,67
2025_9_12530,2025_9,12530,202510925,2025,9,JAX,LV,1762059600000,0,0,0,0
2025_1_11624,2025_1,11624,202510129,2025,1,KC,LAC,1757048400000,1,0,0,3
2025_11_11624,2025_11,11624,202511110,2025,11,KC,DEN,1763272800000,5,3,25,53
2025_12_11624,2025_12,11624,202511216,2025,12,KC,IND,1763877600000,8,4,59,74
2025_13_11624,2025_13,11624,202511309,2025,13,KC,DAL,1764223200000,6,4,61,58
2025_14_11624,2025_14,11624,202511416,2025,14,KC,HOU,1765087200000,4,3,55,49
2025_15_11624,2025_15,11624,202511516,2025,15,KC,LAC,1765692000000,4,2,35,41
2025_16_11624,2025_16,11624,202511634,2025,16,KC,TEN,1766296800000,3,2,41,38
2025_17_11624,2025_17,11624,202511716,2025,17,KC,DEN,1766642400000,3,0,0,34
2025_4_11624,2025_4,11624,202510416,2025,4,KC,BAL,1759035600000,8,5,83,43
2025_5_11624,2025_5,11624,202510515,2025,5,KC,JAX,1759726800000,9,6,42,49
2025_6_11624,2025_6,11624,202510616,2025,6,KC,DET,1760245200000,4,2,20,47
2025_7_11624,2025_7,11624,202510716,2025,7,KC,LV,1760850000000,4,3,35,48
2025_8_11624,2025_8,11624,202510816,2025,8,KC,WAS,1761541200000,7,5,53,58
2025_9_11624,2025_9,11624,202510904,2025,9,KC,BUF,1762059600000,7,3,23,50
2025_1_10229,2025_1,10229,202510129,2025,1,KC,LAC,1757048400000,0,0,0,0
2025_11_10229,2025_11,10229,202511110,2025,11,KC,DEN,1763272800000,9,6,38,53
2025_12_10229,2025_12,10229,202511216,2025,12,KC,IND,1763877600000,12,8,141,60
2025_13_10229,2025_13,10229,202511309,2025,13,KC,DAL,1764223200000,12,8,92,59
2025_14_10229,2025_14,10229,202511416,2025,14,KC,HOU,1765087200000,8,4,34,50
2025_15_10229,2025_15,10229,202511516,2025,15,KC,LAC,1765692000000,11,7,51,52
2025_17_10229,2025_17,10229,202511716,2025,17,KC,DEN,1766642400000,0,0,0,0
2025_18_10229,2025_18,10229,202511825,2025,18,KC,LV,1767506400000,0,0,0,0
2025_2_10229,2025_2,10229,202510216,2025,2,KC,PHI,1757826000000,0,0,0,0
2025_3_10229,2025_3,10229,202510323,2025,3,KC,NYG,1758430800000,0,0,0,0
2025_4_10229,2025_4,10229,202510416,2025,4,KC,BAL,1759035600000,0,0,0,0
2025_5_10229,2025_5,10229,202510515,2025,5,KC,JAX,1759726800000,0,0,0,0
2025_6_10229,2025_6,10229,202510616,2025,6,KC,DET,1760245200000,0,0,0,0
2025_7_10229,2025_7,10229,202510716,2025,7,KC,LV,1760850000000,10,7,42,33
2025_8_10229,2025_8,10229,202510816,2025,8,KC,WAS,1761541200000,9,9,93,59
2025_9_10229,2025_9,10229,202510904,2025,9,KC,BUF,1762059600000,7,4,80,49
2025_1_12483,2025_1,12483,202510121,2025,1,LV,NE,1757221200000,1,1,23,4
2025_10_12483,2025_10,12483,202511010,2025,10,LV,DEN,1762408800000,1,0,0,14
2025_11_12483,2025_11,12483,202511125,2025,11,LV,DAL,1763359200000,1,1,19,9
2025_12_12483,2025_12,12483,202511225,2025,12,LV,CLE,1763877600000,0,0,0,9
2025_13_12483,2025_13,12483,202511329,2025,13,LV,LAC,1764482400000,3,2,22,27
2025_14_12483,2025_14,12483,202511425,2025,14,LV,DEN,1765087200000,6,6,50,41
2025_15_12483,2025_15,12483,202511526,2025,15,LV,PHI,1765692000000,3,2,17,34
2025_16_12483,2025_16,12483,202511613,2025,16,LV,HOU,1766296800000,3,2,43,39
2025_18_12483,2025_18,12483,202511825,2025,18,LV,KC,1767506400000,2,0,0,0
2025_2_12483,2025_2,12483,202510225,2025,2,LV,LAC,1757912400000,0,0,0,5
2025_3_12483,2025_3,12483,202510335,2025,3,LV,WAS,1758430800000,1,1,10,16
2025_4_12483,2025_4,12483,202510425,2025,4,LV,CHI,1759035600000,0,0,0,5
2025_5_12483,2025_5,12483,202510514,2025,5,LV,IND,1759640400000,5,3,27,36
2025_6_12483,2025_6,12483,202510625,2025,6,LV,TEN,1760245200000,1,0,0,46
2025_7_12483,2025_7,12483,202510716,2025,7,LV,KC,1760850000000,2,2,13,22
2025_9_12483,2025_9,12483,202510925,2025,9,LV,JAX,1762059600000,0,0,0,0
2025_1_2374,2025_1,2374,202510110,2025,1,TEN,DEN,1757221200000,1,0,0,33
2025_10_2374,2025_10,2374,202511010,2025,10,LV,DEN,1762408800000,6,5,44,34
2025_11_2374,2025_11,2374,202511125,2025,11,LV,DAL,1763359200000,3,3,33,28
2025_12_2374,2025_12,2374,202511225,2025,12,LV,CLE,1763877600000,5,4,62,60
2025_13_2374,2025_13,2374,202511329,2025,13,LV,LAC,1764482400000,1,1,11,25
2025_14_2374,2025_14,2374,202511425,2025,14,LV,DEN,1765087200000,4,3,41,30
2025_15_2374,2025_15,2374,202511526,2025,15,LV,PHI,1765692000000,4,2,10,32
2025_16_2374,2025_16,2374,202511613,2025,16,LV,HOU,1766296800000,2,1,6,15
2025_17_2374,2025_17,2374,202511725,2025,17,LV,NYG,1766901600000,3,2,9,33
2025_18_2374,2025_18,2374,202511825,2025,18,LV,KC,1767506400000,5,1,5,0
2025_2_2374,2025_2,2374,202510234,2025,2,TEN,LAR,1757826000000,3,2,9,32
2025_3_2374,2025_3,2374,202510334,2025,3,TEN,IND,1758430800000,4,4,37,38
2025_4_2374,2025_4,2374,202510413,2025,4,TEN,HOU,1759035600000,4,0,0,36
2025_5_2374,2025_5,2374,202510501,2025,5,TEN,ARI,1759640400000,4,1,6,17
2025_6_2374,2025_6,2374,202510625,2025,6,TEN,LV,1760245200000,3,1,0,20
2025_7_2374,2025_7,2374,202510734,2025,7,TEN,NE,1760850000000,2,2,18,0
2025_9_2374,2025_9,2374,202510925,2025,9,LV,JAX,1762059600000,1,0,0,19
2025_1_11635,2025_1,11635,202510129,2025,1,LAC,KC,1757048400000,9,6,74,55
2025_10_11635,2025_10,11635,202511029,2025,10,LAC,PIT,1762668000000,6,4,107,52
2025_11_11635,2025_11,11635,202511115,2025,11,LAC,JAX,1763272800000,4,3,13,30
2025_13_11635,2025_13,11635,202511329,2025,13,LAC,LV,1764482400000,6,4,39,51
2025_14_11635,2025_14,11635,202511429,2025,14,LAC,PHI,1765173600000,5,1,12,64
2025_15_11635,2025_15,11635,202511516,2025,15,LAC,KC,1765692000000,3,2,20,49
2025_16_11635,2025_16,11635,202511609,2025,16,LAC,DAL,1766296800000,6,4,43,48
2025_17_11635,2025_17,11635,202511729,2025,17,LAC,HOU,1766815200000,2,1,31,56
2025_18_11635,2025_18,11635,202511810,2025,18,LAC,DEN,1767506400000,0,0,0,0
2025_2_11635,2025_2,11635,202510225,2025,2,LAC,LV,1757912400000,5,5,48,43
2025_3_11635,2025_3,11635,202510329,2025,3,LAC,DEN,1758430800000,7,4,41,80
2025_4_11635,2025_4,11635,202510423,2025,4,LAC,NYG,1759035600000,6,1,11,58
2025_5_11635,2025_5,11635,202510529,2025,5,LAC,WAS,1759640400000,7,5,39,53
2025_6_11635,2025_6,11635,202510619,2025,6,LAC,MIA,1760245200000,9,7,100,45
2025_7_11635,2025_7,11635,202510729,2025,7,LAC,IND,1760850000000,15,9,67,67
2025_8_11635,2025_8,11635,202510829,2025,8,LAC,MIN,1761195600000,10,6,88,42
2025_9_11635,2025_9,11635,202510934,2025,9,LAC,TEN,1762059600000,6,4,56,45
2025_1_1479,2025_1,1479,202510129,2025,1,LAC,KC,1757048400000,10,7,68,40
2025_10_1479,2025_10,1479,202511029,2025,10,LAC,PIT,1762668000000,5,2,19,37
2025_11_1479,2025_11,1479,202511115,2025,11,LAC,JAX,1763272800000,6,4,53,36
2025_13_1479,2025_13,1479,202511329,2025,13,LAC,LV,1764482400000,5,4,30,40
2025_14_1479,2025_14,1479,202511429,2025,14,LAC,PHI,1765173600000,3,3,22,42
2025_15_1479,2025_15,1479,202511516,2025,15,LAC,KC,1765692000000,7,5,36,28
2025_16_1479,2025_16,1479,202511609,2025,16,LAC,DAL,1766296800000,5,5,44,30
2025_17_1479,2025_17,1479,202511729,2025,17,LAC,HOU,1766815200000,3,1,17,36
2025_18_1479,2025_18,1479,202511810,2025,18,LAC,DEN,1767506400000,13,7,36,0
2025_2_1479,2025_2,1479,202510225,2025,2,LAC,LV,1757912400000,7,5,61,32
2025_3_1479,2025_3,1479,202510329,2025,3,LAC,DEN,1758430800000,11,7,65,56
2025_4_1479,2025_4,1479,202510423,2025,4,LAC,NYG,1759035600000,7,5,37,49
2025_5_1479,2025_5,1479,202510529,2025,5,LAC,WAS,1759640400000,9,5,58,39
2025_6_1479,2025_6,1479,202510619,2025,6,LAC,MIA,1760245200000,7,4,27,36
2025_7_1479,2025_7,1479,202510729,2025,7,LAC,IND,1760850000000,14,11,119,49
2025_8_1479,2025_8,1479,202510829,2025,8,LAC,MIN,1761195600000,5,4,44,18
2025_9_1479,2025_9,1479,202510934,2025,9,LAC,TEN,1762059600000,5,2,41,24
2025_1_9493,2025_1,9493,202510132,2025,1,LAR,HOU,1757221200000,11,10,130,38
2025_10_9493,2025_10,9493,202511031,2025,10,LAR,SF,1762668000000,6,5,64,36
2025_11_9493,2025_11,9493,202511132,2025,11,LAR,SEA,1763272800000,8,7,75,34
2025_12_9493,2025_12,9493,202511232,2025,12,LAR,TB,1763877600000,11,7,97,46
2025_13_9493,2025_13,9493,202511305,2025,13,LAR,CAR,1764482400000,9,6,72,38
2025_14_9493,2025_14,9493,202511401,2025,14,LAR,ARI,1765087200000,11,7,167,31
2025_15_9493,2025_15,9493,202511532,2025,15,LAR,DET,1765692000000,11,9,181,40
2025_16_9493,2025_16,9493,202511630,2025,16,LAR,SEA,1766037600000,16,12,225,72
2025_17_9493,2025_17,9493,202511702,2025,17,LAR,ATL,1766988000000,10,5,47,48
2025_18_9493,2025_18,9493,202511832,2025,18,LAR,ARI,1767506400000,11,10,76,0
2025_2_9493,2025_2,9493,202510234,2025,2,LAR,TEN,1757826000000,9,8,91,42
2025_3_9493,2025_3,9493,202510326,2025,3,LAR,PHI,1758430800000,15,11,112,60
2025_4_9493,2025_4,9493,202510432,2025,4,LAR,IND,1759035600000,15,13,170,61
2025_5_9493,2025_5,9493,202510532,2025,5,LAR,SF,1759381200000,12,10,85,63
2025_6_9493,2025_6,9493,202510603,2025,6,LAR,BAL,1760245200000,3,2,28,27
2025_9_9493,2025_9,9493,202510932,2025,9,LAR,NO,1762059600000,8,7,95,39
2025_1_2133,2025_1,2133,202510132,2025,1,LAR,HOU,1757221200000,8,4,51,54
2025_10_2133,2025_10,2133,202511031,2025,10,LAR,SF,1762668000000,8,6,77,35
2025_11_2133,2025_11,2133,202511132,2025,11,LAR,SEA,1763272800000,8,1,1,44
2025_12_2133,2025_12,2133,202511232,2025,12,LAR,TB,1763877600000,8,5,62,43
2025_13_2133,2025_13,2133,202511305,2025,13,LAR,CAR,1764482400000,5,4,58,39
2025_14_2133,2025_14,2133,202511401,2025,14,LAR,ARI,1765087200000,6,4,29,30
2025_15_2133,2025_15,2133,202511532,2025,15,LAR,DET,1765692000000,9,4,71,33
2025_2_2133,2025_2,2133,202510234,2025,2,LAR,TEN,1757826000000,13,6,106,49
2025_3_2133,2025_3,2133,202510326,2025,3,LAR,PHI,1758430800000,8,3,56,57
2025_4_2133,2025_4,2133,202510432,2025,4,LAR,IND,1759035600000,6,4,56,62
2025_5_2133,2025_5,2133,202510532,2025,5,LAR,SF,1759381200000,11,5,88,58
2025_6_2133,2025_6,2133,202510603,2025,6,LAR,BAL,1760245200000,9,4,39,42
2025_7_2133,2025_7,2133,202510715,2025,7,LAR,JAX,1760850000000,8,5,35,41
2025_9_2133,2025_9,2133,202510932,2025,9,LAR,NO,1762059600000,7,5,60,48
2025_1_3321,2025_1,3321,202510114,2025,1,MIA,IND,1757221200000,6,4,40,30
2025_10_3321,2025_10,3321,202511019,2025,10,MIA,BUF,1762668000000,0,0,0,0
2025_11_3321,2025_11,3321,202511119,2025,11,MIA,WAS,1763272800000,0,0,0,0
2025_13_3321,2025_13,3321,202511319,2025,13,MIA,NO,1764482400000,0,0,0,0
2025_14_3321,2025_14,3321,202511424,2025,14,MIA,NYJ,1765087200000,0,0,0,0
2025_15_3321,2025_15,3321,202511528,2025,15,MIA,PIT,1765778400000,0,0,0,0
2025_16_3321,2025_16,3321,202511619,2025,16,MIA,CIN,1766296800000,0,0,0,0
2025_17_3321,2025_17,3321,202511719,2025,17,MIA,TB,1766901600000,0,0,0,0
2025_18_3321,2025_18,3321,202511821,2025,18,MIA,NE,1767506400000,0,0,0,0
2025_2_3321,2025_2,3321,202510219,2025,2,MIA,NE,1757826000000,7,6,109,48
2025_3_3321,2025_3,3321,202510304,2025,3,MIA,BUF,1758171600000,10,5,49,53
2025_4_3321,2025_4,3321,202510419,2025,4,MIA,NYJ,1759122000000,6,6,67,24
2025_5_3321,2025_5,3321,202510505,2025,5,MIA,CAR,1759640400000,0,0,0,0
2025_6_3321,2025_6,3321,202510619,2025,6,MIA,LAC,1760245200000,0,0,0,0
2025_7_3321,2025_7,3321,202510708,2025,7,MIA,CLE,1760850000000,0,0,0,0
2025_8_3321,2025_8,3321,202510802,2025,8,MIA,ATL,1761454800000,0,0,0,0
2025_9_3321,2025_9,3321,202510919,2025,9,MIA,BAL,1761800400000,0,0,0,0
2025_1_7526,2025_1,7526,202510114,2025,1,MIA,IND,1757221200000,5,4,30,31
2025_10_7526,2025_10,7526,202511019,2025,10,MIA,BUF,1762668000000,7,5,84,44
2025_11_7526,2025_11,7526,202511119,2025,11,MIA,WAS,1763272800000,7,3,52,47
2025_13_7526,2025_13,7526,202511319,2025,13,MIA,NO,1764482400000,6,3,40,55
2025_14_7526,2025_14,7526,202511424,2025,14,MIA,NYJ,1765087200000,7,5,50,51
2025_15_7526,2025_15,7526,202511528,2025,15,MIA,PIT,1765778400000,4,2,26,42
2025_16_7526,2025_16,7526,202511619,2025,16,MIA,CIN,1766296800000,9,5,72,42
2025_17_7526,2025_17,7526,202511719,2025,17,MIA,TB,1766901600000,1,0,0,14
2025_2_7526,2025_2,7526,202510219,2025,2,MIA,NE,1757826000000,6,5,68,47
2025_3_7526,2025_3,7526,202510304,2025,3,MIA,BUF,1758171600000,6,5,39,53
2025_4_7526,2025_4,7526,202510419,2025,4,MIA,NYJ,1759122000000,6,3,48,52
2025_5_7526,2025_5,7526,202510505,2025,5,MIA,CAR,1759640400000,9,6,110,49
2025_6_7526,2025_6,7526,202510619,2025,6,MIA,LAC,1760245200000,8,6,95,48
2025_7_7526,2025_7,7526,202510708,2025,7,MIA,CLE,1760850000000,4,1,15,44
2025_8_7526,2025_8,7526,202510802,2025,8,MIA,ATL,1761454800000,6,5,99,54
2025_9_7526,2025_9,7526,202510919,2025,9,MIA,BAL,1761800400000,9,6,82,51
2025_1_6794,2025_1,6794,202510106,2025,1,MIN,CHI,1757307600000,7,4,44,55
2025_10_6794,2025_10,6794,202511020,2025,10,MIN,BAL,1762668000000,12,4,37,65
2025_11_6794,2025_11,6794,202511120,2025,11,MIN,CHI,1763272800000,9,5,61,55
2025_12_6794,2025_12,6794,202511212,2025,12,MIN,GB,1763877600000,6,4,48,44
2025_13_6794,2025_13,6794,202511330,2025,13,MIN,SEA,1764482400000,6,2,4,50
2025_14_6794,2025_14,6794,202511420,2025,14,MIN,WAS,1765087200000,4,2,11,51
2025_15_6794,2025_15,6794,202511509,2025,15,MIN,DAL,1765692000000,8,2,22,53
2025_16_6794,2025_16,6794,202511623,2025,16,MIN,NYG,1766296800000,8,6,85,58
2025_17_6794,2025_17,6794,202511720,2025,17,MIN,DET,1766642400000,5,4,30,53
2025_18_6794,2025_18,6794,202511820,2025,18,MIN,GB,1767506400000,11,8,101,0
2025_2_6794,2025_2,6794,202510220,2025,2,MIN,ATL,1757826000000,6,3,81,47
2025_3_6794,2025_3,6794,202510320,2025,3,MIN,CIN,1758430800000,7,5,75,48
2025_4_6794,2025_4,6794,202510428,2025,4,MIN,PIT,1759035600000,11,10,126,76
2025_5_6794,2025_5,6794,202510508,2025,5,MIN,CLE,1759640400000,11,7,123,65
2025_7_6794,2025_7,6794,202510720,2025,7,MIN,PHI,1760850000000,10,5,79,68
2025_8_6794,2025_8,6794,202510829,2025,8,MIN,LAC,1761195600000,11,7,74,43
2025_9_6794,2025_9,6794,202510911,2025,9,MIN,DET,1762059600000,9,6,47,59
2025_1_9756,2025_1,9756,202510106,2025,1,MIN,CHI,1757307600000,0,0,0,0
2025_10_9756,2025_10,9756,202511020,2025,10,MIN,BAL,1762668000000,11,3,35,62
2025_11_9756,2025_11,9756,202511120,2025,11,MIN,CHI,1763272800000,7,2,20,53
2025_12_9756,2025_12,9756,202511212,2025,12,MIN,GB,1763877600000,1,0,0,43
2025_13_9756,2025_13,9756,202511330,2025,13,MIN,SEA,1764482400000,10,5,36,48
2025_14_9756,2025_14,9756,202511420,2025,14,MIN,WAS,1765087200000,7,4,62,43
2025_15_9756,2025_15,9756,202511509,2025,15,MIN,DAL,1765692000000,2,2,66,35
2025_16_9756,2025_16,9756,202511623,2025,16,MIN,NYG,1766296800000,3,2,26,41
2025_17_9756,2025_17,9756,202511720,2025,17,MIN,DET,1766642400000,1,0,0,42
2025_18_9756,2025_18,9756,202511820,2025,18,MIN,GB,1767506400000,3,1,8,0
2025_2_9756,2025_2,9756,202510220,2025,2,MIN,ATL,1757826000000,0,0,0,0
2025_3_9756,2025_3,9756,202510320,2025,3,MIN,CIN,1758430800000,0,0,0,0
2025_4_9756,2025_4,9756,202510428,2025,4,MIN,PIT,1759035600000,8,4,114,73
2025_5_9756,2025_5,9756,202510508,2025,5,MIN,CLE,1759640400000,6,5,41,49
2025_7_9756,2025_7,9756,202510720,2025,7,MIN,PHI,1760850000000,12,9,128,64
2025_8_9756,2025_8,9756,202510829,2025,8,MIN,LAC,1761195600000,4,3,26,42
2025_9_9756,2025_9,9756,202510911,2025,9,MIN,DET,1762059600000,4,2,48,57
2025_1_2449,2025_1,2449,202510121,2025,1,NE,LV,1757221200000,7,6,57,29
2025_10_2449,2025_10,2449,202511033,2025,10,NE,TB,1762668000000,8,5,46,36
2025_11_2449,2025_11,2449,202511121,2025,11,NE,NYJ,1763013600000,11,9,105,46
2025_12_2449,2025_12,2449,202511207,2025,12,NE,CIN,1763877600000,3,2,20,34
2025_13_2449,2025_13,2449,202511321,2025,13,NE,NYG,1764568800000,4,3,26,31
2025_15_2449,2025_15,2449,202511521,2025,15,NE,BUF,1765692000000,4,3,26,26
2025_16_2449,2025_16,2449,202511603,2025,16,NE,BAL,1766296800000,10,9,138,44
2025_17_2449,2025_17,2449,202511724,2025,17,NE,NYJ,1766901600000,6,6,101,34
2025_18_2449,2025_18,2449,202511821,2025,18,NE,MIA,1767506400000,3,3,43,0
2025_2_2449,2025_2,2449,202510219,2025,2,NE,MIA,1757826000000,5,4,32,31
2025_3_2449,2025_3,2449,202510321,2025,3,NE,PIT,1758430800000,3,3,23,39
2025_4_2449,2025_4,2449,202510421,2025,4,NE,CAR,1759035600000,7,6,101,31
2025_5_2449,2025_5,2449,202510504,2025,5,NE,BUF,1759640400000,12,10,146,30
2025_6_2449,2025_6,2449,202510622,2025,6,NE,NO,1760245200000,3,3,28,38
2025_7_2449,2025_7,2449,202510734,2025,7,NE,TEN,1760850000000,7,7,69,35
2025_8_2449,2025_8,2449,202510821,2025,8,NE,CLE,1761454800000,5,3,14,35
2025_9_2449,2025_9,2449,202510921,2025,9,NE,ATL,1762059600000,4,3,38,41
2025_1_9501,2025_1,9501,202510121,2025,1,NE,LV,1757221200000,7,2,-2,45
2025_10_9501,2025_10,9501,202511033,2025,10,NE,TB,1762668000000,2,2,34,13
2025_11_9501,2025_11,9501,202511121,2025,11,NE,NYJ,1763013600000,3,3,36,19
2025_12_9501,2025_12,9501,202511207,2025,12,NE,CIN,1763877600000,1,1,37,12
2025_13_9501,2025_13,9501,202511321,2025,13,NE,NYG,1764568800000,3,3,33,22
2025_15_9501,2025_15,9501,202511521,2025,15,NE,BUF,1765692000000,0,0,0,10
2025_16_9501,2025_16,9501,202511603,2025,16,NE,BAL,1766296800000,2,1,6,13
2025_17_9501,2025_17,9501,202511724,2025,17,NE,NYJ,1766901600000,2,1,10,9
2025_18_9501,2025_18,9501,202511821,2025,18,NE,MIA,1767506400000,3,2,29,0
2025_2_9501,2025_2,9501,202510219,2025,2,NE,MIA,1757826000000,1,1,8,15
2025_3_9501,2025_3,9501,202510321,2025,3,NE,PIT,1758430800000,5,2,7,29
2025_4_9501,2025_4,9501,202510421,2025,4,NE,CAR,1759035600000,0,0,0,8
2025_5_9501,2025_5,9501,202510504,2025,5,NE,BUF,1759640400000,3,2,17,17
2025_6_9501,2025_6,9501,202510622,2025,6,NE,NO,1760245200000,4,3,71,16
2025_7_9501,2025_7,9501,202510734,2025,7,NE,TEN,1760850000000,3,3,17,15
2025_8_9501,2025_8,9501,202510821,2025,8,NE,CLE,1761454800000,1,1,44,14
2025_9_9501,2025_9,9501,202510921,2025,9,NE,ATL,1762059600000,6,4,100,16
2025_1_8144,2025_1,8144,202510122,2025,1,NO,ARI,1757221200000,13,7,54,64
2025_10_8144,2025_10,8144,202511005,2025,10,NO,CAR,1762668000000,8,5,104,37
2025_12_8144,2025_12,8144,202511222,2025,12,NO,ATL,1763877600000,13,9,70,64
2025_13_8144,2025_13,8144,202511319,2025,13,NO,MIA,1764482400000,7,4,47,63
2025_14_8144,2025_14,8144,202511433,2025,14,NO,TB,1765087200000,5,3,30,54
2025_15_8144,2025_15,8144,202511522,2025,15,NO,CAR,1765692000000,9,6,85,58
2025_16_8144,2025_16,8144,202511622,2025,16,NO,NYJ,1766296800000,16,10,148,61
2025_17_8144,2025_17,8144,202511734,2025,17,NO,TEN,1766901600000,11,8,119,49
2025_2_8144,2025_2,8144,202510222,2025,2,NO,SF,1757826000000,10,6,54,71
2025_3_8144,2025_3,8144,202510330,2025,3,NO,SEA,1758430800000,14,10,57,62
2025_4_8144,2025_4,8144,202510404,2025,4,NO,BUF,1759035600000,6,3,20,57
2025_5_8144,2025_5,8144,202510522,2025,5,NO,NYG,1759640400000,11,7,59,48
2025_6_8144,2025_6,8144,202510622,2025,6,NO,NE,1760245200000,10,6,98,49
2025_7_8144,2025_7,8144,202510706,2025,7,NO,CHI,1760850000000,7,5,98,47
2025_8_8144,2025_8,8144,202510822,2025,8,NO,TB,1761454800000,12,8,63,67
2025_9_8144,2025_9,8144,202510932,2025,9,NO,LAR,1762059600000,4,3,57,36
2025_1_11834,2025_1,11834,202510122,2025,1,NO,ARI,1757221200000,2,1,13,17
2025_10_11834,2025_10,11834,202511005,2025,10,NO,CAR,1762668000000,3,1,15,59
2025_12_11834,2025_12,11834,202511222,2025,12,NO,ATL,1763877600000,7,3,37,71
2025_13_11834,2025_13,11834,202511319,2025,13,NO,MIA,1764482400000,8,8,93,63
2025_14_11834,2025_14,11834,202511433,2025,14,NO,TB,1765087200000,5,3,40,54
2025_15_11834,2025_15,11834,202511522,2025,15,NO,CAR,1765692000000,6,5,69,38
2025_16_11834,2025_16,11834,202511622,2025,16,NO,NYJ,1766296800000,0,0,0,0
2025_17_11834,2025_17,11834,202511734,2025,17,NO,TEN,1766901600000,0,0,0,0
2025_18_11834,2025_18,11834,202511802,2025,18,NO,ATL,1767506400000,0,0,0,0
2025_2_11834,2025_2,11834,202510222,2025,2,NO,SF,1757826000000,1,1,3,24
2025_4_11834,2025_4,11834,202510404,2025,4,NO,BUF,1759035600000,0,0,0,4
2025_5_11834,2025_5,11834,202510522,2025,5,NO,NYG,1759640400000,2,2,13,25
2025_6_11834,2025_6,11834,202510622,2025,6,NO,NE,1760245200000,0,0,0,18
2025_7_11834,2025_7,11834,202510706,2025,7,NO,CHI,1760850000000,0,0,0,15
2025_8_11834,2025_8,11834,202510822,2025,8,NO,TB,1761454800000,5,1,10,37
2025_9_11834,2025_9,11834,202510932,2025,9,NO,LAR,1762059600000,0,0,0,12
2025_1_11632,2025_1,11632,202510135,2025,1,NYG,WAS,1757221200000,12,5,71,64
2025_10_11632,2025_10,11632,202511006,2025,10,NYG,CHI,1762668000000,0,0,0,0
2025_11_11632,2025_11,11632,202511123,2025,11,NYG,GB,1763272800000,0,0,0,0
2025_12_11632,2025_12,11632,202511211,2025,12,NYG,DET,1763877600000,0,0,0,0
2025_13_11632,2025_13,11632,202511321,2025,13,NYG,NE,1764568800000,0,0,0,0
2025_15_11632,2025_15,11632,202511523,2025,15,NYG,WAS,1765692000000,0,0,0,0
2025_16_11632,2025_16,11632,202511623,2025,16,NYG,MIN,1766296800000,0,0,0,0
2025_17_11632,2025_17,11632,202511725,2025,17,NYG,LV,1766901600000,0,0,0,0
2025_18_11632,2025_18,11632,202511823,2025,18,NYG,DAL,1767506400000,0,0,0,0
2025_2_11632,2025_2,11632,202510209,2025,2,NYG,DAL,1757826000000,13,9,167,66
2025_3_11632,2025_3,11632,202510323,2025,3,NYG,KC,1758430800000,7,2,13,61
2025_4_11632,2025_4,11632,202510423,2025,4,NYG,LAC,1759035600000,3,2,20,25
2025_5_11632,2025_5,11632,202510522,2025,5,NYG,NO,1759640400000,0,0,0,0
2025_6_11632,2025_6,11632,202510623,2025,6,NYG,PHI,1759986000000,0,0,0,0
2025_7_11632,2025_7,11632,202510710,2025,7,NYG,DEN,1760850000000,0,0,0,0
2025_8_11632,2025_8,11632,202510826,2025,8,NYG,PHI,1761454800000,0,0,0,0
2025_9_11632,2025_9,11632,202510923,2025,9,NYG,SF,1762059600000,0,0,0,0
2025_1_8126,2025_1,8126,202510135,2025,1,NYG,WAS,1757221200000,8,6,55,52
2025_10_8126,2025_10,8126,202511006,2025,10,NYG,CHI,1762668000000,11,6,62,72
2025_11_8126,2025_11,8126,202511123,2025,11,NYG,GB,1763272800000,9,4,36,70
2025_12_8126,2025_12,8126,202511211,2025,12,NYG,DET,1763877600000,14,9,156,68
2025_13_8126,2025_13,8126,202511321,2025,13,NYG,NE,1764568800000,8,7,34,55
2025_15_8126,2025_15,8126,202511523,2025,15,NYG,WAS,1765692000000,10,5,54,67
2025_16_8126,2025_16,8126,202511623,2025,16,NYG,MIN,1766296800000,6,3,19,55
2025_17_8126,2025_17,8126,202511725,2025,17,NYG,LV,1766901600000,14,11,113,48
2025_18_8126,2025_18,8126,202511823,2025,18,NYG,DAL,1767506400000,0,0,0,0
2025_2_8126,2025_2,8126,202510209,2025,2,NYG,DAL,1757826000000,10,8,142,47
2025_3_8126,2025_3,8126,202510323,2025,3,NYG,KC,1758430800000,4,1,26,51
2025_4_8126,2025_4,8126,202510423,2025,4,NYG,LAC,1759035600000,5,3,14,74
2025_5_8126,2025_5,8126,202510522,2025,5,NYG,NO,1759640400000,7,5,30,69
2025_6_8126,2025_6,8126,202510623,2025,6,NYG,PHI,1759986000000,7,6,84,67
2025_7_8126,2025_7,8126,202510710,2025,7,NYG,DEN,1760850000000,12,6,95,70
2025_8_8126,2025_8,8126,202510826,2025,8,NYG,PHI,1761454800000,4,3,48,51
2025_9_8126,2025_9,8126,202510923,2025,9,NYG,SF,1762059600000,11,9,46,57
2025_1_8146,2025_1,8146,202510124,2025,1,NYJ,PIT,1757221200000,9,7,95,64
2025_10_8146,2025_10,8146,202511024,2025,10,NYJ,CLE,1762668000000,3,0,0,19
2025_11_8146,2025_11,8146,202511121,2025,11,NYJ,NE,1763013600000,0,0,0,0
2025_12_8146,2025_12,8146,202511203,2025,12,NYJ,BAL,1763877600000,0,0,0,0
2025_13_8146,2025_13,8146,202511324,2025,13,NYJ,ATL,1764482400000,0,0,0,0
2025_14_8146,2025_14,8146,202511424,2025,14,NYJ,MIA,1765087200000,0,0,0,0
2025_15_8146,2025_15,8146,202511515,2025,15,NYJ,JAX,1765692000000,0,0,0,0
2025_16_8146,2025_16,8146,202511622,2025,16,NYJ,NO,1766296800000,0,0,0,0
2025_17_8146,2025_17,8146,202511724,2025,17,NYJ,NE,1766901600000,0,0,0,0
2025_18_8146,2025_18,8146,202511804,2025,18,NYJ,BUF,1767506400000,0,0,0,0
2025_2_8146,2025_2,8146,202510224,2025,2,NYJ,BUF,1757826000000,8,4,50,44
2025_3_8146,2025_3,8146,202510333,2025,3,NYJ,TB,1758430800000,13,10,84,69
2025_4_8146,2025_4,8146,202510419,2025,4,NYJ,MIA,1759122000000,8,6,82,62
2025_5_8146,2025_5,8146,202510524,2025,5,NYJ,DAL,1759640400000,10,6,71,77
2025_6_8146,2025_6,8146,202510624,2025,6,NYJ,DEN,1760245200000,8,3,13,48
2025_1_11625,2025_1,11625,202510114,2025,1,IND,MIA,1757221200000,2,2,21,15
2025_11_11625,2025_11,11625,202511121,2025,11,NYJ,NE,1763013600000,6,1,10,28
2025_12_11625,2025_12,11625,202511203,2025,12,NYJ,BAL,1763877600000,7,2,42,50
2025_13_11625,2025_13,11625,202511324,2025,13,NYJ,ATL,1764482400000,12,8,102,57
2025_14_11625,2025_14,11625,202511424,2025,14,NYJ,MIA,1765087200000,6,1,24,53
2025_15_11625,2025_15,11625,202511515,2025,15,NYJ,JAX,1765692000000,9,6,58,54
2025_16_11625,2025_16,11625,202511622,2025,16,NYJ,NO,1766296800000,6,3,43,57
2025_17_11625,2025_17,11625,202511724,2025,17,NYJ,NE,1766901600000,9,3,22,50
2025_18_11625,2025_18,11625,202511804,2025,18,NYJ,BUF,1767506400000,3,0,0,0
2025_2_11625,2025_2,11625,202510214,2025,2,IND,DEN,1757826000000,4,2,20,7
2025_3_11625,2025_3,11625,202510334,2025,3,IND,TEN,1758430800000,2,0,0,24
2025_4_11625,2025_4,11625,202510432,2025,4,IND,LAR,1759035600000,4,3,96,54
2025_5_11625,2025_5,11625,202510514,2025,5,IND,LV,1759640400000,1,0,0,6
2025_7_11625,2025_7,11625,202510729,2025,7,IND,LAC,1760850000000,1,1,8,5
2025_8_11625,2025_8,11625,202510814,2025,8,IND,TEN,1761454800000,1,0,0,9
2025_9_11625,2025_9,11625,202510928,2025,9,IND,PIT,1762059600000,1,1,7,4
2025_1_5859,2025_1,5859,202510126,2025,1,PHI,DAL,1756962000000,1,1,8,55
2025_10_5859,2025_10,5859,202511012,2025,10,PHI,GB,1762754400000,3,2,13,49
2025_11_5859,2025_11,5859,202511126,2025,11,PHI,DET,1763272800000,11,7,49,67
2025_12_5859,2025_12,5859,202511209,2025,12,PHI,DAL,1763877600000,10,8,110,59
2025_13_5859,2025_13,5859,202511326,2025,13,PHI,CHI,1764309600000,12,10,132,52
2025_14_5859,2025_14,5859,202511429,2025,14,PHI,LAC,1765173600000,13,6,100,69
2025_15_5859,2025_15,5859,202511526,2025,15,PHI,LV,1765692000000,2,2,41,50
2025_16_5859,2025_16,5859,202511635,2025,16,PHI,WAS,1766210400000,12,9,95,61
2025_17_5859,2025_17,5859,202511704,2025,17,PHI,BUF,1766901600000,7,5,68,48
2025_18_5859,2025_18,5859,202511826,2025,18,PHI,WAS,1767506400000,0,0,0,0
2025_2_5859,2025_2,5859,202510216,2025,2,PHI,KC,1757826000000,8,5,27,58
2025_3_5859,2025_3,5859,202510326,2025,3,PHI,LAR,1758430800000,10,6,109,62
2025_4_5859,2025_4,5859,202510433,2025,4,PHI,TB,1759035600000,9,2,7,55
2025_5_5859,2025_5,5859,202510526,2025,5,PHI,DEN,1759640400000,8,5,43,57
2025_6_5859,2025_6,5859,202510623,2025,6,PHI,NYG,1759986000000,9,6,80,55
2025_7_5859,2025_7,5859,202510720,2025,7,PHI,MIN,1760850000000,6,4,121,46
2025_1_7525,2025_1,7525,202510126,2025,1,PHI,DAL,1756962000000,3,3,16,56
2025_10_7525,2025_10,7525,202511012,2025,10,PHI,GB,1762754400000,7,4,69,58
2025_11_7525,2025_11,7525,202511126,2025,11,PHI,DET,1763272800000,5,1,8,70
2025_12_7525,2025_12,7525,202511209,2025,12,PHI,DAL,1763877600000,11,6,89,60
2025_13_7525,2025_13,7525,202511326,2025,13,PHI,CHI,1764309600000,8,5,48,51
2025_14_7525,2025_14,7525,202511429,2025,14,PHI,LAC,1765173600000,8,4,37,69
2025_15_7525,2025_15,7525,202511526,2025,15,PHI,LV,1765692000000,2,2,50,36
2025_16_7525,2025_16,7525,202511635,2025,16,PHI,WAS,1766210400000,8,6,42,60
2025_17_7525,2025_17,7525,202511704,2025,17,PHI,BUF,1766901600000,5,2,25,46
2025_18_7525,2025_18,7525,202511826,2025,18,PHI,WAS,1767506400000,4,3,52,0
2025_2_7525,2025_2,7525,202510216,2025,2,PHI,KC,1757826000000,6,4,53,45
2025_3_7525,2025_3,7525,202510326,2025,3,PHI,LAR,1758430800000,9,8,60,64
2025_4_7525,2025_4,7525,202510433,2025,4,PHI,TB,1759035600000,2,2,29,52
2025_5_7525,2025_5,7525,202510526,2025,5,PHI,DEN,1759640400000,10,8,114,60
2025_6_7525,2025_6,7525,202510623,2025,6,PHI,NYG,1759986000000,5,4,49,55
2025_7_7525,2025_7,7525,202510720,2025,7,PHI,MIN,1760850000000,11,9,183,44
2025_8_7525,2025_8,7525,202510826,2025,8,PHI,NYG,1761454800000,9,6,84,53
2025_1_5846,2025_1,5846,202510124,2025,1,PIT,NYJ,1757221200000,7,4,83,53
2025_10_5846,2025_10,5846,202511029,2025,10,PIT,LAC,1762668000000,7,3,35,48
2025_11_5846,2025_11,5846,202511128,2025,11,PIT,CIN,1763272800000,8,5,49,56
2025_12_5846,2025_12,5846,202511206,2025,12,PIT,CHI,1763877600000,8,5,22,61
2025_13_5846,2025_13,5846,202511328,2025,13,PIT,BUF,1764482400000,5,3,32,37
2025_14_5846,2025_14,5846,202511403,2025,14,PIT,BAL,1765087200000,12,7,148,43
2025_15_5846,2025_15,5846,202511528,2025,15,PIT,MIA,1765778400000,3,3,55,52
2025_16_5846,2025_16,5846,202511611,2025,16,PIT,DET,1766296800000,9,4,42,65
2025_17_5846,2025_17,5846,202511708,2025,17,PIT,CLE,1766901600000,0,0,0,0
2025_18_5846,2025_18,5846,202511828,2025,18,PIT,BAL,1767506400000,0,0,0,0
2025_2_5846,2025_2,5846,202510228,2025,2,PIT,SEA,1757826000000,6,3,20,56
2025_3_5846,2025_3,5846,202510321,2025,3,PIT,NE,1758430800000,4,3,32,48
2025_4_5846,2025_4,5846,202510428,2025,4,PIT,MIN,1759035600000,5,5,126,42
2025_6_5846,2025_6,5846,202510628,2025,6,PIT,CLE,1760245200000,9,4,95,49
2025_7_5846,2025_7,5846,202510707,2025,7,PIT,CIN,1760590800000,5,3,50,56
2025_8_5846,2025_8,5846,202510828,2025,8,PIT,GB,1761454800000,7,5,55,59
2025_9_5846,2025_9,5846,202510928,2025,9,PIT,IND,1762059600000,4,2,6,51
2025_1_1689,2025_1,1689,202510106,2025,1,MIN,CHI,1757307600000,1,0,0,32
2025_10_1689,2025_10,1689,202511020,2025,10,MIN,BAL,1762668000000,3,2,16,9
2025_11_1689,2025_11,1689,202511120,2025,11,MIN,CHI,1763272800000,2,1,6,8
2025_12_1689,2025_12,1689,202511212,2025,12,MIN,GB,1763877600000,1,0,0,3
2025_14_1689,2025_14,1689,202511403,2025,14,PIT,BAL,1765087200000,1,1,4,25
2025_15_1689,2025_15,1689,202511528,2025,15,PIT,MIA,1765778400000,1,1,7,38
2025_16_1689,2025_16,1689,202511611,2025,16,PIT,DET,1766296800000,4,4,49,32
2025_17_1689,2025_17,1689,202511708,2025,17,PIT,CLE,1766901600000,5,2,14,57
2025_18_1689,2025_18,1689,202511828,2025,18,PIT,BAL,1767506400000,6,3,43,0
2025_2_1689,2025_2,1689,202510220,2025,2,MIN,ATL,1757826000000,3,2,26,38
2025_3_1689,2025_3,1689,202510320,2025,3,MIN,CIN,1758430800000,2,0,0,45
2025_4_1689,2025_4,1689,202510428,2025,4,MIN,PIT,1759035600000,2,2,11,12
2025_5_1689,2025_5,1689,202510508,2025,5,MIN,CLE,1759640400000,0,0,0,14
2025_7_1689,2025_7,1689,202510720,2025,7,MIN,PHI,1760850000000,2,1,10,8
2025_8_1689,2025_8,1689,202510829,2025,8,MIN,LAC,1761195600000,2,0,0,12
2025_9_1689,2025_9,1689,202510911,2025,9,MIN,DET,1762059600000,0,0,0,4
2025_1_11638,2025_1,11638,202510130,2025,1,SF,SEA,1757221200000,7,4,108,64
2025_11_11638,2025_11,11638,202511101,2025,11,SF,ARI,1763272800000,2,1,0,41
2025_12_11638,2025_12,11638,202511231,2025,12,SF,CAR,1763964000000,4,2,6,53
2025_13_11638,2025_13,11638,202511308,2025,13,SF,CLE,1764482400000,3,2,14,58
2025_15_11638,2025_15,11638,202511531,2025,15,SF,TEN,1765692000000,7,6,96,43
2025_17_11638,2025_17,11638,202511731,2025,17,SF,CHI,1766901600000,8,5,85,58
2025_2_11638,2025_2,11638,202510222,2025,2,SF,NO,1757826000000,6,4,56,63
2025_3_11638,2025_3,11638,202510331,2025,3,SF,ARI,1758430800000,11,8,117,63
2025_4_11638,2025_4,11638,202510431,2025,4,SF,JAX,1759035600000,5,4,46,37
2025_9_11638,2025_9,11638,202510923,2025,9,SF,NYG,1762059600000,0,0,0,0
2025_1_7049,2025_1,7049,202510130,2025,1,SF,SEA,1757221200000,5,2,16,50
2025_10_7049,2025_10,7049,202511031,2025,10,SF,LAR,1762668000000,9,6,71,58
2025_11_7049,2025_11,7049,202511101,2025,11,SF,ARI,1763272800000,6,4,54,41
2025_12_7049,2025_12,7049,202511231,2025,12,SF,CAR,1763964000000,7,5,41,63
2025_13_7049,2025_13,7049,202511308,2025,13,SF,CLE,1764482400000,6,4,39,54
2025_15_7049,2025_15,7049,202511531,2025,15,SF,TEN,1765692000000,5,3,37,60
2025_16_7049,2025_16,7049,202511614,2025,16,SF,IND,1766383200000,6,5,71,54
2025_17_7049,2025_17,7049,202511731,2025,17,SF,CHI,1766901600000,4,2,42,65
2025_18_7049,2025_18,7049,202511831,2025,18,SF,SEA,1767420000000,6,4,35,37
2025_2_7049,2025_2,7049,202510222,2025,2,SF,NO,1757826000000,10,5,89,62
2025_4_7049,2025_4,7049,202510431,2025,4,SF,JAX,1759035600000,4,2,24,48
2025_6_7049,2025_6,7049,202510633,2025,6,SF,TB,1760245200000,3,1,7,53
2025_7_7049,2025_7,7049,202510731,2025,7,SF,ATL,1760850000000,7,4,31,57
2025_8_7049,2025_8,7049,202510813,2025,8,SF,HOU,1761454800000,7,4,45,41
2025_9_7049,2025_9,7049,202510923,2025,9,SF,NYG,1762059600000,5,4,41,52
2025_1_9488,2025_1,9488,202510130,2025,1,SEA,SF,1757221200000,13,9,124,40
2025_10_9488,2025_10,9488,202511030,2025,10,SEA,ARI,1762668000000,6,5,93,26
2025_11_9488,2025_11,9488,202511132,2025,11,SEA,LAR,1763272800000,12,9,105,70
2025_12_9488,2025_12,9488,202511234,2025,12,SEA,TEN,1763877600000,10,8,167,38
2025_13_9488,2025_13,9488,202511330,2025,13,SEA,MIN,1764482400000,4,2,23,55
2025_14_9488,2025_14,9488,202511402,2025,14,SEA,ATL,1765087200000,10,7,92,44
2025_15_9488,2025_15,9488,202511530,2025,15,SEA,IND,1765692000000,9,7,113,55
2025_16_9488,2025_16,9488,202511630,2025,16,SEA,LAR,1766037600000,13,8,96,65
2025_17_9488,2025_17,9488,202511705,2025,17,SEA,CAR,1766901600000,12,9,72,59
2025_18_9488,2025_18,9488,202511831,2025,18,SEA,SF,1767420000000,8,6,84,57
2025_2_9488,2025_2,9488,202510228,2025,2,SEA,PIT,1757826000000,10,8,103,42
2025_3_9488,2025_3,9488,202510330,2025,3,SEA,NO,1758430800000,6,5,96,28
2025_4_9488,2025_4,9488,202510401,2025,4,SEA,ARI,1758776400000,5,4,79,53
2025_5_9488,2025_5,9488,202510530,2025,5,SEA,TB,1759640400000,9,8,132,55
2025_6_9488,2025_6,9488,202510615,2025,6,SEA,JAX,1760245200000,13,8,162,45
2025_7_9488,2025_7,9488,202510730,2025,7,SEA,HOU,1760936400000,14,8,123,63
2025_9_9488,2025_9,9488,202510935,2025,9,SEA,WAS,1762059600000,9,8,129,34
2025_1_4039,2025_1,4039,202510130,2025,1,SEA,SF,1757221200000,3,2,15,46
2025_10_4039,2025_10,4039,202511030,2025,10,SEA,ARI,1762668000000,2,2,74,33
2025_11_4039,2025_11,4039,202511132,2025,11,SEA,LAR,1763272800000,7,3,23,68
2025_12_4039,2025_12,4039,202511234,2025,12,SEA,TEN,1763877600000,4,2,24,37
2025_13_4039,2025_13,4039,202511330,2025,13,SEA,MIN,1764482400000,4,3,24,51
2025_14_4039,2025_14,4039,202511402,2025,14,SEA,ATL,1765087200000,3,2,35,42
2025_15_4039,2025_15,4039,202511530,2025,15,SEA,IND,1765692000000,7,5,46,45
2025_16_4039,2025_16,4039,202511630,2025,16,SEA,LAR,1766037600000,4,3,39,63
2025_17_4039,2025_17,4039,202511705,2025,17,SEA,CAR,1766901600000,3,1,6,58
2025_18_4039,2025_18,4039,202511831,2025,18,SEA,SF,1767420000000,3,2,29,53
2025_2_4039,2025_2,4039,202510228,2025,2,SEA,PIT,1757826000000,9,7,90,45
2025_3_4039,2025_3,4039,202510330,2025,3,SEA,NO,1758430800000,3,2,31,31
2025_4_4039,2025_4,4039,202510401,2025,4,SEA,ARI,1758776400000,5,4,26,49
2025_5_4039,2025_5,4039,202510530,2025,5,SEA,TB,1759640400000,9,6,59,54
2025_6_4039,2025_6,4039,202510615,2025,6,SEA,JAX,1760245200000,3,2,40,39
2025_7_4039,2025_7,4039,202510730,2025,7,SEA,HOU,1760936400000,1,1,32,54
2025_1_2216,2025_1,2216,202510102,2025,1,TB,ATL,1757221200000,8,5,51,48
2025_10_2216,2025_10,2216,202511033,2025,10,TB,NE,1762668000000,0,0,0,0
2025_11_2216,2025_11,2216,202511104,2025,11,TB,BUF,1763272800000,0,0,0,0
2025_12_2216,2025_12,2216,202511232,2025,12,TB,LAR,1763877600000,0,0,0,0
2025_13_2216,2025_13,2216,202511333,2025,13,TB,ARI,1764482400000,0,0,0,0
2025_14_2216,2025_14,2216,202511433,2025,14,TB,NO,1765087200000,0,0,0,0
2025_15_2216,2025_15,2216,202511533,2025,15,TB,ATL,1765432800000,12,6,132,38
2025_16_2216,2025_16,2216,202511605,2025,16,TB,CAR,1766296800000,9,5,31,42
2025_17_2216,2025_17,2216,202511719,2025,17,TB,MIA,1766901600000,7,3,31,50
2025_18_2216,2025_18,2216,202511833,2025,18,TB,CAR,1767420000000,2,2,34,50
2025_2_2216,2025_2,2216,202510213,2025,2,TB,HOU,1757912400000,11,5,56,63
2025_3_2216,2025_3,2216,202510333,2025,3,TB,NYJ,1758430800000,8,4,33,52
2025_7_2216,2025_7,2216,202510711,2025,7,TB,DET,1760936400000,4,0,0,14
2025_8_2216,2025_8,2216,202510822,2025,8,TB,NO,1761454800000,0,0,0,0
2025_1_12514,2025_1,12514,202510102,2025,1,TB,ATL,1757221200000,6,4,67,54
2025_10_12514,2025_10,12514,202511033,2025,10,TB,NE,1762668000000,13,6,115,61
2025_11_12514,2025_11,12514,202511104,2025,11,TB,BUF,1763272800000,9,5,40,66
2025_12_12514,2025_12,12514,202511232,2025,12,TB,LAR,1763877600000,8,3,32,63
2025_13_12514,2025_13,12514,202511333,2025,13,TB,ARI,1764482400000,8,4,42,52
2025_14_12514,2025_14,12514,202511433,2025,14,TB,NO,1765087200000,9,2,15,65
2025_15_12514,2025_15,12514,202511533,2025,15,TB,ATL,1765432800000,7,4,64,44
2025_16_12514,2025_16,12514,202511605,2025,16,TB,CAR,1766296800000,2,1,40,36
2025_17_12514,2025_17,12514,202511719,2025,17,TB,MIA,1766901600000,5,3,20,39
2025_18_12514,2025_18,12514,202511833,2025,18,TB,CAR,1767420000000,3,1,8,39
2025_2_12514,2025_2,12514,202510213,2025,2,TB,HOU,1757912400000,7,4,29,74
2025_3_12514,2025_3,12514,202510333,2025,3,TB,NYJ,1758430800000,8,6,85,46
2025_4_12514,2025_4,12514,202510433,2025,4,TB,PHI,1759035600000,10,4,101,64
2025_5_12514,2025_5,12514,202510530,2025,5,TB,SEA,1759640400000,7,7,163,52
2025_6_12514,2025_6,12514,202510633,2025,6,TB,SF,1760245200000,4,2,24,28
2025_7_12514,2025_7,12514,202510711,2025,7,TB,DET,1760936400000,12,4,58,52
2025_8_12514,2025_8,12514,202510822,2025,8,TB,NO,1761454800000,9,3,35,51
2025_1_4981,2025_1,4981,202510110,2025,1,TEN,DEN,1757221200000,8,4,27,54
2025_11_4981,2025_11,4981,202511134,2025,11,TEN,HOU,1763272800000,1,1,13,1
2025_12_4981,2025_12,4981,202511234,2025,12,TEN,SEA,1763877600000,0,0,0,0
2025_13_4981,2025_13,4981,202511334,2025,13,TEN,JAX,1764482400000,0,0,0,0
2025_14_4981,2025_14,4981,202511408,2025,14,TEN,CLE,1765087200000,0,0,0,0
2025_15_4981,2025_15,4981,202511531,2025,15,TEN,SF,1765692000000,0,0,0,0
2025_16_4981,2025_16,4981,202511634,2025,16,TEN,KC,1766296800000,0,0,0,0
2025_17_4981,2025_17,4981,202511734,2025,17,TEN,NO,1766901600000,0,0,0,0
2025_18_4981,2025_18,4981,202511815,2025,18,TEN,JAX,1767506400000,0,0,0,0
2025_2_4981,2025_2,4981,202510234,2025,2,TEN,LAR,1757826000000,6,3,57,57
2025_3_4981,2025_3,4981,202510334,2025,3,TEN,IND,1758430800000,7,1,27,61
2025_4_4981,2025_4,4981,202510413,2025,4,TEN,HOU,1759035600000,3,2,30,27
2025_5_4981,2025_5,4981,202510501,2025,5,TEN,ARI,1759640400000,10,5,131,44
2025_6_4981,2025_6,4981,202510625,2025,6,TEN,LV,1760245200000,1,1,18,6
2025_1_12499,2025_1,12499,202510110,2025,1,TEN,DEN,1757221200000,7,2,13,45
2025_11_12499,2025_11,12499,202511134,2025,11,TEN,HOU,1763272800000,6,2,11,50
2025_13_12499,2025_13,12499,202511334,2025,13,TEN,JAX,1764482400000,5,1,5,50
2025_14_12499,2025_14,12499,202511408,2025,14,TEN,CLE,1765087200000,3,1,14,53
2025_15_12499,2025_15,12499,202511531,2025,15,TEN,SF,1765692000000,1,1,17,43
2025_16_12499,2025_16,12499,202511634,2025,16,TEN,KC,1766296800000,4,3,58,41
2025_17_12499,2025_17,12499,202511734,2025,17,TEN,NO,1766901600000,7,4,37,60
2025_18_12499,2025_18,12499,202511815,2025,18,TEN,JAX,1767506400000,10,3,50,0
2025_2_12499,2025_2,12499,202510234,2025,2,TEN,LAR,1757826000000,6,4,56,48
2025_3_12499,2025_3,12499,202510334,2025,3,TEN,IND,1758430800000,5,4,38,52
2025_4_12499,2025_4,12499,202510413,2025,4,TEN,HOU,1759035600000,7,2,44,41
2025_5_12499,2025_5,12499,202510501,2025,5,TEN,ARI,1759640400000,4,2,18,48
2025_6_12499,2025_6,12499,202510625,2025,6,TEN,LV,1760245200000,5,3,27,57
2025_7_12499,2025_7,12499,202510734,2025,7,TEN,NE,1760850000000,5,2,29,51
2025_8_12499,2025_8,12499,202510814,2025,8,TEN,IND,1761454800000,8,4,52,67
2025_9_12499,2025_9,12499,202510934,2025,9,TEN,LAC,1762059600000,6,3,46,30
2025_1_5927,2025_1,5927,202510135,2025,1,WAS,NYG,1757221200000,4,2,27,55
2025_13_5927,2025_13,5927,202511335,2025,13,WAS,DEN,1764482400000,14,7,96,46
2025_14_5927,2025_14,5927,202511420,2025,14,WAS,MIN,1765087200000,6,3,41,32
2025_15_5927,2025_15,5927,202511523,2025,15,WAS,NYG,1765692000000,4,3,69,46
2025_16_5927,2025_16,5927,202511635,2025,16,WAS,PHI,1766210400000,4,3,53,45
2025_17_5927,2025_17,5927,202511735,2025,17,WAS,DAL,1766642400000,7,5,63,38
2025_18_5927,2025_18,5927,202511826,2025,18,WAS,PHI,1767506400000,4,4,57,0
2025_2_5927,2025_2,5927,202510212,2025,2,WAS,GB,1757566800000,9,5,48,63
2025_3_5927,2025_3,5927,202510335,2025,3,WAS,LV,1758430800000,4,3,74,35
2025_8_5927,2025_8,5927,202510816,2025,8,WAS,KC,1761541200000,4,3,54,25
2025_1_5872,2025_1,5872,202510135,2025,1,WAS,NYG,1757221200000,10,7,77,54
2025_10_5872,2025_10,5872,202511035,2025,10,WAS,DET,1762668000000,5,4,29,42
2025_11_5872,2025_11,5872,202511119,2025,11,WAS,MIA,1763272800000,8,7,74,50
2025_13_5872,2025_13,5872,202511335,2025,13,WAS,DEN,1764482400000,7,5,64,63
2025_14_5872,2025_14,5872,202511420,2025,14,WAS,MIN,1765087200000,6,4,27,27
2025_15_5872,2025_15,5872,202511523,2025,15,WAS,NYG,1765692000000,5,3,43,37
2025_16_5872,2025_16,5872,202511635,2025,16,WAS,PHI,1766210400000,4,3,35,44
2025_17_5872,2025_17,5872,202511735,2025,17,WAS,DAL,1766642400000,4,2,68,36
2025_18_5872,2025_18,5872,202511826,2025,18,WAS,PHI,1767506400000,5,2,20,0
2025_2_5872,2025_2,5872,202510212,2025,2,WAS,GB,1757566800000,8,7,44,61
2025_3_5872,2025_3,5872,202510335,2025,3,WAS,LV,1758430800000,3,2,11,25
2025_4_5872,2025_4,5872,202510402,2025,4,WAS,ATL,1759035600000,6,6,72,49
2025_5_5872,2025_5,5872,202510529,2025,5,WAS,LAC,1759640400000,11,8,96,46
2025_6_5872,2025_6,5872,202510635,2025,6,WAS,CHI,1760331600000,5,4,15,47
2025_8_5872,2025_8,5872,202510816,2025,8,WAS,KC,1761541200000,6,3,11,39
2025_9_5872,2025_9,5872,202510935,2025,9,WAS,SEA,1762059600000,6,5,41,44
